date,campaign,impressions,clicks,conversions,revenue,cost,ctr,cpc,cac,ltv
2025-02-21 00:07:01.989977,Campaign_1,8270,560,38,6344.24,2801.38,0.0677,5.0,73.72,166.95
2025-02-21 00:07:01.989977,Campaign_2,7991,234,12,2177.11,2720.67,0.0293,11.61,224.85,179.93
2025-02-21 00:07:01.989977,Campaign_3,11186,236,33,5875.51,2068.76,0.0211,8.75,61.57,174.87
2025-02-21 00:07:01.989977,Campaign_4,8204,651,71,10134.98,843.62,0.0794,1.3,11.8,141.75
2025-02-21 00:07:01.989977,Campaign_5,13532,767,49,4597.26,3336.34,0.0567,4.35,68.09,93.82
2025-02-22 00:07:01.989977,Campaign_1,1426,34,3,322.11,586.52,0.0242,17.0,177.73,97.61
2025-02-22 00:07:01.989977,Campaign_2,3336,72,7,498.82,350.44,0.0216,4.86,48.27,68.71
2025-02-22 00:07:01.989977,Campaign_3,14100,1052,130,11368.22,1634.11,0.0747,1.55,12.5,86.99
2025-02-22 00:07:01.989977,Campaign_4,11286,500,28,3231.19,1069.93,0.0444,2.14,37.41,112.98
2025-02-22 00:07:01.989977,Campaign_5,6975,236,26,2302.81,1790.5,0.0339,7.57,68.39,87.96
2025-02-23 00:07:01.989977,Campaign_1,5811,172,24,3657.94,2304.3,0.0297,13.36,95.22,151.15
2025-02-23 00:07:01.989977,Campaign_2,2633,140,18,1044.02,391.48,0.0533,2.79,21.57,57.52
2025-02-23 00:07:01.989977,Campaign_3,2903,215,26,3890.35,764.17,0.0742,3.55,28.95,147.36
2025-02-23 00:07:01.989977,Campaign_4,9183,363,25,3074.86,1196.71,0.0396,3.29,46.49,119.46
2025-02-23 00:07:01.989977,Campaign_5,5144,146,6,635.66,1105.79,0.0285,7.55,179.51,103.19
2025-02-24 00:07:01.989977,Campaign_1,3695,75,9,1404.26,1446.97,0.0203,19.29,160.77,156.03
2025-02-24 00:07:01.989977,Campaign_2,7581,572,64,12152.13,3335.84,0.0754,5.83,51.4,187.24
2025-02-24 00:07:01.989977,Campaign_3,4924,116,8,829.73,1929.75,0.0236,16.58,229.73,98.78
2025-02-24 00:07:01.989977,Campaign_4,11900,638,55,10942.81,5230.92,0.0536,8.2,93.58,195.76
2025-02-24 00:07:01.989977,Campaign_5,2839,151,18,2258.06,877.58,0.0533,5.8,48.22,124.07
2025-02-25 00:07:01.989977,Campaign_1,6134,163,15,1203.87,2811.25,0.0266,17.25,187.42,80.26
2025-02-25 00:07:01.989977,Campaign_2,9248,358,35,6551.95,1847.14,0.0388,5.15,52.48,186.13
2025-02-25 00:07:01.989977,Campaign_3,9470,495,34,6661.7,3215.64,0.0523,6.49,92.4,191.43
2025-02-25 00:07:01.989977,Campaign_4,5404,392,42,4047.4,768.45,0.0726,1.96,17.91,94.35
2025-02-25 00:07:01.989977,Campaign_5,6477,291,39,3867.15,964.12,0.045,3.31,24.6,98.65
2025-02-26 00:07:01.989977,Campaign_1,6592,257,15,1262.85,1785.4,0.039,6.95,119.03,84.19
2025-02-26 00:07:01.989977,Campaign_2,7550,288,18,2433.12,2219.3,0.0382,7.7,118.68,130.11
2025-02-26 00:07:01.989977,Campaign_3,1995,152,12,1533.82,760.74,0.0764,4.99,63.39,127.82
2025-02-26 00:07:01.989977,Campaign_4,8101,192,14,1244.55,3066.63,0.0237,15.94,214.45,87.03
2025-02-26 00:07:01.989977,Campaign_5,11975,454,35,1943.66,4117.52,0.038,9.05,117.64,55.53
2025-02-27 00:07:01.989977,Campaign_1,5737,256,13,1322.89,2029.41,0.0446,7.93,156.11,101.76
2025-02-27 00:07:01.989977,Campaign_2,6873,356,33,4386.82,2317.05,0.0518,6.5,70.21,132.93
2025-02-27 00:07:01.989977,Campaign_3,5412,355,25,4012.66,1337.38,0.0656,3.77,53.07,159.23
2025-02-27 00:07:01.989977,Campaign_4,5110,403,35,6053.51,2142.94,0.0789,5.32,61.05,172.46
2025-02-27 00:07:01.989977,Campaign_5,7394,229,11,1552.7,2743.66,0.031,11.95,244.97,138.63
2025-02-28 00:07:01.989977,Campaign_1,7546,472,61,6240.29,1044.9,0.0625,2.21,17.13,102.3
2025-02-28 00:07:01.989977,Campaign_2,10648,653,57,10897.14,1650.53,0.0614,2.53,28.86,190.51
2025-02-28 00:07:01.989977,Campaign_3,10986,703,49,6455.89,4156.15,0.064,5.91,84.47,131.22
2025-02-28 00:07:01.989977,Campaign_4,1640,97,11,1559.38,511.64,0.0594,5.25,43.73,133.28
2025-02-28 00:07:01.989977,Campaign_5,4268,340,49,6553.46,1933.91,0.0797,5.68,39.47,133.74
2025-03-01 00:07:01.989977,Campaign_1,9789,378,29,4290.12,3743.25,0.0386,9.89,126.04,144.45
2025-03-01 00:07:01.989977,Campaign_2,9629,407,53,8597.74,3805.65,0.0423,9.34,71.48,161.49
2025-03-01 00:07:01.989977,Campaign_3,9416,666,69,3267.74,1103.17,0.0708,1.66,15.77,46.71
2025-03-01 00:07:01.989977,Campaign_4,1712,128,8,747.28,420.01,0.0751,3.27,48.95,87.1
2025-03-01 00:07:01.989977,Campaign_5,3286,104,10,838.76,630.27,0.0318,6.02,58.47,77.81
2025-03-02 00:07:01.989977,Campaign_1,5984,240,28,4111.67,1113.22,0.0402,4.63,38.92,143.76
2025-03-02 00:07:01.989977,Campaign_2,7332,354,37,2986.11,2052.81,0.0483,5.8,54.73,79.61
2025-03-02 00:07:01.989977,Campaign_3,6387,300,39,4145.73,1277.73,0.0471,4.25,32.27,104.69
2025-03-02 00:07:01.989977,Campaign_4,12514,593,38,5558.71,2214.09,0.0474,3.73,57.34,143.97
2025-03-02 00:07:01.989977,Campaign_5,9478,600,30,5577.11,2274.68,0.0634,3.79,73.85,181.08
2025-03-03 00:07:01.989977,Campaign_1,2069,154,13,680.14,975.18,0.0744,6.33,75.01,52.32
2025-03-03 00:07:01.989977,Campaign_2,1431,111,15,2740.45,311.66,0.0776,2.81,20.24,177.95
2025-03-03 00:07:01.989977,Campaign_3,2376,74,4,589.4,591.8,0.0313,7.95,123.29,122.79
2025-03-03 00:07:01.989977,Campaign_4,8910,629,89,5432.45,1635.62,0.0706,2.6,18.23,60.56
2025-03-03 00:07:01.989977,Campaign_5,7019,557,35,4471.23,3165.48,0.0794,5.68,90.44,127.75
2025-03-04 00:07:01.989977,Campaign_1,1784,126,8,1250.69,572.89,0.0706,4.55,71.61,156.34
2025-03-04 00:07:01.989977,Campaign_2,7481,512,67,12082.08,3480.93,0.0685,6.79,51.88,180.06
2025-03-04 00:07:01.989977,Campaign_3,7950,160,18,1424.54,1020.59,0.0202,6.35,56.7,79.14
2025-03-04 00:07:01.989977,Campaign_4,11924,807,111,11258.18,2984.01,0.0677,3.7,26.69,100.7
2025-03-04 00:07:01.989977,Campaign_5,9686,529,28,3355.51,3071.21,0.0546,5.8,109.69,119.84
2025-03-05 00:07:01.989977,Campaign_1,2148,151,20,1750.75,248.17,0.0703,1.64,12.41,87.54
2025-03-05 00:07:01.989977,Campaign_2,5339,221,13,1694.04,2178.46,0.0414,9.85,165.03,128.34
2025-03-05 00:07:01.989977,Campaign_3,4861,378,36,6346.92,864.09,0.0778,2.29,24.0,176.3
2025-03-05 00:07:01.989977,Campaign_4,6684,413,26,1817.71,3260.85,0.0618,7.89,125.42,69.91
2025-03-05 00:07:01.989977,Campaign_5,3770,84,7,805.2,1499.1,0.0223,17.85,214.16,115.03
2025-03-06 00:07:01.989977,Campaign_1,9932,308,17,1942.2,3728.47,0.031,12.11,219.32,114.25
2025-03-06 00:07:01.989977,Campaign_2,2930,88,5,481.45,936.82,0.03,10.65,170.33,87.54
2025-03-06 00:07:01.989977,Campaign_3,1870,57,7,1049.33,573.73,0.0308,9.96,79.69,145.74
2025-03-06 00:07:01.989977,Campaign_4,2054,115,10,906.46,497.87,0.0563,4.3,47.87,87.16
2025-03-06 00:07:01.989977,Campaign_5,11554,240,14,796.61,1343.66,0.0208,5.58,95.98,56.9
2025-03-07 00:07:01.989977,Campaign_1,7617,377,36,2735.29,2083.56,0.0495,5.53,57.88,75.98
2025-03-07 00:07:01.989977,Campaign_2,7569,430,48,2748.91,1891.1,0.0568,4.4,39.07,56.8
2025-03-07 00:07:01.989977,Campaign_3,9486,720,72,9425.28,3543.83,0.0759,4.92,49.22,130.91
2025-03-07 00:07:01.989977,Campaign_4,4990,382,54,9832.36,1769.51,0.0766,4.63,32.41,180.08
2025-03-07 00:07:01.989977,Campaign_5,2591,140,11,1640.72,734.15,0.054,5.24,65.55,146.49
2025-03-08 00:07:01.989977,Campaign_1,4485,296,31,5018.86,1347.9,0.0661,4.54,42.25,157.33
2025-03-08 00:07:01.989977,Campaign_2,2727,82,3,214.89,243.82,0.0302,2.97,67.17,59.2
2025-03-08 00:07:01.989977,Campaign_3,14320,836,44,3992.13,5226.5,0.0584,6.25,116.45,88.95
2025-03-08 00:07:01.989977,Campaign_4,2210,74,5,800.45,440.88,0.0338,5.9,77.08,139.94
2025-03-08 00:07:01.989977,Campaign_5,2372,49,3,546.38,630.97,0.021,12.64,204.86,177.4
2025-03-09 00:07:01.989977,Campaign_1,8385,522,64,11715.97,1852.15,0.0623,3.55,28.54,180.52
2025-03-09 00:07:01.989977,Campaign_2,8016,268,26,4357.63,2169.41,0.0335,8.09,81.5,163.7
2025-03-09 00:07:01.989977,Campaign_3,6393,371,43,3395.12,1337.82,0.0581,3.6,30.71,77.94
2025-03-09 00:07:01.989977,Campaign_4,15267,1018,78,13179.49,3253.05,0.0667,3.2,41.36,167.57
2025-03-09 00:07:01.989977,Campaign_5,2343,173,21,2023.42,942.75,0.0742,5.42,43.73,93.85
2025-03-10 00:07:01.989977,Campaign_1,3782,291,31,4488.04,1056.61,0.0769,3.63,34.08,144.78
2025-03-10 00:07:01.989977,Campaign_2,9092,510,52,4324.8,4350.61,0.0561,8.52,82.4,81.91
2025-03-10 00:07:01.989977,Campaign_3,2600,175,9,1191.97,319.91,0.0674,1.83,33.32,124.16
2025-03-10 00:07:01.989977,Campaign_4,7447,345,46,4803.42,1093.52,0.0464,3.16,23.37,102.64
2025-03-10 00:07:01.989977,Campaign_5,10823,662,88,15878.67,4712.43,0.0612,7.12,53.43,180.03
2025-03-11 00:07:01.989977,Campaign_1,6293,390,22,3812.14,2407.05,0.062,6.17,109.41,173.28
2025-03-11 00:07:01.989977,Campaign_2,2794,141,9,1358.24,1244.04,0.0508,8.77,125.66,137.2
2025-03-11 00:07:01.989977,Campaign_3,2838,194,27,5462.04,1139.03,0.0685,5.86,41.27,197.9
2025-03-11 00:07:01.989977,Campaign_4,5383,335,32,3467.69,2056.6,0.0623,6.13,63.28,106.7
2025-03-11 00:07:01.989977,Campaign_5,13867,1030,61,7631.86,1449.68,0.0743,1.41,23.53,123.89
2025-03-12 00:07:01.989977,Campaign_1,4709,110,6,405.77,1693.75,0.0234,15.4,282.29,67.63
2025-03-12 00:07:01.989977,Campaign_2,4479,271,19,2178.66,1303.83,0.0607,4.8,65.85,110.03
2025-03-12 00:07:01.989977,Campaign_3,10291,741,52,10268.72,1079.15,0.0721,1.46,20.44,194.48
2025-03-12 00:07:01.989977,Campaign_4,9510,214,28,3693.84,4728.64,0.0226,22.04,165.34,129.16
2025-03-12 00:07:01.989977,Campaign_5,8887,312,36,2231.87,1479.6,0.0351,4.74,40.65,61.32
2025-03-13 00:07:01.989977,Campaign_1,4376,270,25,3603.34,1460.38,0.0617,5.41,58.42,144.13
2025-03-13 00:07:01.989977,Campaign_2,4073,260,36,7035.13,501.61,0.064,1.92,13.82,193.81
2025-03-13 00:07:01.989977,Campaign_3,11458,542,60,5496.43,2008.14,0.0473,3.7,33.47,91.61
2025-03-13 00:07:01.989977,Campaign_4,6134,252,27,1683.32,3004.52,0.0411,11.91,110.06,61.66
2025-03-13 00:07:01.989977,Campaign_5,6685,315,15,1416.25,1768.07,0.0471,5.61,114.81,91.96
2025-03-14 00:07:01.989977,Campaign_1,3779,137,8,491.44,1799.61,0.0363,13.14,224.95,61.43
2025-03-14 00:07:01.989977,Campaign_2,8828,559,61,6944.57,4176.73,0.0634,7.46,67.8,112.74
2025-03-14 00:07:01.989977,Campaign_3,10090,535,34,3886.75,4147.73,0.053,7.75,119.19,111.69
2025-03-14 00:07:01.989977,Campaign_4,4150,328,20,2893.69,1047.51,0.0792,3.18,50.36,139.12
2025-03-14 00:07:01.989977,Campaign_5,6895,480,50,3000.15,791.05,0.0696,1.65,15.7,59.53
2025-03-15 00:07:01.989977,Campaign_1,11642,405,20,3414.46,4124.91,0.0349,10.16,197.36,163.37
2025-03-15 00:07:01.989977,Campaign_2,9225,660,67,9789.36,3096.94,0.0716,4.69,45.7,144.47
2025-03-15 00:07:01.989977,Campaign_3,7456,248,22,1415.23,2992.6,0.0333,12.05,133.36,63.07
2025-03-15 00:07:01.989977,Campaign_4,2676,82,10,1488.3,264.93,0.0307,3.22,26.47,148.68
2025-03-15 00:07:01.989977,Campaign_5,13841,281,26,2890.07,4989.28,0.0204,17.71,190.58,110.39
2025-03-16 00:07:01.989977,Campaign_1,6435,424,59,3416.11,2234.91,0.0659,5.27,37.62,57.51
2025-03-16 00:07:01.989977,Campaign_2,9958,266,13,1975.57,2888.87,0.0268,10.82,217.05,148.43
2025-03-16 00:07:01.989977,Campaign_3,8169,534,71,9239.8,3350.6,0.0654,6.27,47.01,129.63
2025-03-16 00:07:01.989977,Campaign_4,11295,629,62,3640.8,3676.45,0.0557,5.84,58.43,57.86
2025-03-16 00:07:01.989977,Campaign_5,8838,397,52,4507.43,2279.16,0.045,5.73,43.53,86.09
2025-03-17 00:07:01.989977,Campaign_1,3180,215,20,3526.27,1296.06,0.0676,6.03,64.8,176.31
2025-03-17 00:07:01.989977,Campaign_2,7668,364,52,6541.54,1775.17,0.0475,4.88,33.62,123.89
2025-03-17 00:07:01.989977,Campaign_3,5781,315,26,3447.56,1642.25,0.0546,5.2,62.21,130.59
2025-03-17 00:07:01.989977,Campaign_4,9409,413,49,3804.3,3562.4,0.0439,8.62,72.11,77.01
2025-03-17 00:07:01.989977,Campaign_5,13260,978,95,14292.72,2240.12,0.0738,2.29,23.53,150.13
2025-03-18 00:07:01.989977,Campaign_1,7777,259,34,3459.92,1859.07,0.0333,7.18,54.68,101.76
2025-03-18 00:07:01.989977,Campaign_2,8444,213,13,1572.34,1541.44,0.0253,7.22,116.78,119.12
2025-03-18 00:07:01.989977,Campaign_3,4311,118,9,943.08,590.33,0.0276,4.97,61.49,98.24
2025-03-18 00:07:01.989977,Campaign_4,9347,538,31,5648.35,4377.66,0.0576,8.13,140.31,181.04
2025-03-18 00:07:01.989977,Campaign_5,6501,130,16,1052.98,2203.47,0.02,16.92,131.16,62.68
2025-03-19 00:07:01.989977,Campaign_1,6811,221,19,2330.89,2365.47,0.0324,10.7,124.5,122.68
2025-03-19 00:07:01.989977,Campaign_2,10065,521,62,3721.32,1601.3,0.0518,3.07,25.54,59.35
2025-03-19 00:07:01.989977,Campaign_3,7351,450,60,9746.55,824.72,0.0612,1.83,13.75,162.44
2025-03-19 00:07:01.989977,Campaign_4,5648,263,26,2245.63,1173.18,0.0467,4.45,45.12,86.37
2025-03-19 00:07:01.989977,Campaign_5,13867,746,99,6300.04,4356.1,0.0538,5.84,43.82,63.38
2025-03-20 00:07:01.989977,Campaign_1,5632,413,45,6833.94,2341.04,0.0733,5.67,52.02,151.87
2025-03-20 00:07:01.989977,Campaign_2,8108,422,45,7297.9,2210.79,0.0521,5.23,49.02,161.82
2025-03-20 00:07:01.989977,Campaign_3,9285,396,32,5992.29,3185.17,0.0426,8.04,98.31,184.95
2025-03-20 00:07:01.989977,Campaign_4,2438,96,13,664.69,463.7,0.0394,4.82,35.67,51.13
2025-03-20 00:07:01.989977,Campaign_5,3646,125,7,545.9,780.6,0.0345,6.2,111.51,77.99
2025-03-21 00:07:01.989977,Campaign_1,4735,349,20,2573.53,1250.79,0.0737,3.58,62.54,128.68
2025-03-21 00:07:01.989977,Campaign_2,6976,514,55,10318.51,712.41,0.0738,1.38,12.95,187.61
2025-03-21 00:07:01.989977,Campaign_3,1340,46,2,360.71,632.33,0.0349,13.51,263.47,150.3
2025-03-21 00:07:01.989977,Campaign_4,2399,124,11,2056.71,436.84,0.052,3.5,37.34,175.79
2025-03-21 00:07:01.989977,Campaign_5,13881,700,51,3482.28,4778.51,0.0504,6.83,92.25,67.23
2025-03-22 00:07:01.989977,Campaign_1,3393,163,22,1961.93,954.6,0.0481,5.85,43.39,89.18
2025-03-22 00:07:01.989977,Campaign_2,1331,67,6,441.43,414.91,0.0503,6.19,68.58,72.96
2025-03-22 00:07:01.989977,Campaign_3,3771,126,13,1968.41,1063.07,0.0337,8.37,80.54,149.12
2025-03-22 00:07:01.989977,Campaign_4,7004,273,37,5901.24,2836.84,0.0391,10.37,76.3,158.72
2025-03-22 00:07:01.989977,Campaign_5,4885,297,40,2809.53,515.41,0.061,1.73,12.87,70.17
2025-03-23 00:07:01.989977,Campaign_1,7698,466,24,3679.0,2766.0,0.0607,5.92,114.3,152.02
2025-03-23 00:07:01.989977,Campaign_2,9785,636,79,5659.95,1584.19,0.065,2.49,19.84,70.87
2025-03-23 00:07:01.989977,Campaign_3,1550,75,5,871.58,332.12,0.0489,4.38,62.9,165.07
2025-03-23 00:07:01.989977,Campaign_4,12391,566,42,6323.51,3109.01,0.0457,5.49,72.47,147.4
2025-03-23 00:07:01.989977,Campaign_5,6236,246,20,2361.97,658.16,0.0395,2.67,32.88,117.98
2025-03-24 00:07:01.989977,Campaign_1,5018,263,24,2398.14,1968.16,0.0524,7.48,82.01,99.92
2025-03-24 00:07:01.989977,Campaign_2,7223,216,29,3692.11,2864.81,0.03,13.22,96.46,124.31
2025-03-24 00:07:01.989977,Campaign_3,2306,154,9,928.88,459.89,0.0671,2.97,47.9,96.76
2025-03-24 00:07:01.989977,Campaign_4,2535,71,3,612.73,754.4,0.0282,10.55,193.44,157.11
2025-03-24 00:07:01.989977,Campaign_5,4010,162,21,1398.49,1759.15,0.0405,10.83,83.77,66.59
2025-03-25 00:07:01.989977,Campaign_1,7359,413,41,5370.14,2167.54,0.0561,5.25,52.87,130.98
2025-03-25 00:07:01.989977,Campaign_2,3708,234,27,4019.73,1400.1,0.0632,5.98,50.91,146.17
2025-03-25 00:07:01.989977,Campaign_3,2151,74,6,463.44,997.01,0.0346,13.4,166.17,77.24
2025-03-25 00:07:01.989977,Campaign_4,9315,443,63,4650.27,3116.06,0.0476,7.03,48.92,73.0
2025-03-25 00:07:01.989977,Campaign_5,2777,98,11,1556.18,391.32,0.0353,3.99,34.94,138.94
2025-03-26 00:07:01.989977,Campaign_1,4876,304,19,2592.42,1670.94,0.0623,5.5,87.94,136.44
2025-03-26 00:07:01.989977,Campaign_2,6719,165,9,1743.05,3119.88,0.0246,18.91,315.14,176.07
2025-03-26 00:07:01.989977,Campaign_3,3350,88,12,2110.02,502.11,0.0265,5.65,41.84,175.83
2025-03-26 00:07:01.989977,Campaign_4,5033,200,15,1312.11,1727.32,0.0398,8.63,110.73,84.11
2025-03-26 00:07:01.989977,Campaign_5,11356,733,50,8475.69,3878.22,0.0646,5.29,76.95,168.17
2025-03-27 00:07:01.989977,Campaign_1,8970,393,40,7519.13,2139.69,0.0438,5.44,53.49,187.98
2025-03-27 00:07:01.989977,Campaign_2,10632,683,64,5431.53,2987.5,0.0642,4.37,46.03,83.69
2025-03-27 00:07:01.989977,Campaign_3,2646,80,7,812.44,1232.87,0.0304,15.33,171.23,112.84
2025-03-27 00:07:01.989977,Campaign_4,9516,635,49,4100.92,1761.15,0.0668,2.77,35.65,83.01
2025-03-27 00:07:01.989977,Campaign_5,2752,215,19,2618.48,1222.76,0.0783,5.67,62.39,133.6
2025-03-28 00:07:01.989977,Campaign_1,6182,493,49,6826.08,784.07,0.0797,1.59,16.0,139.31
2025-03-28 00:07:01.989977,Campaign_2,3830,124,16,1332.72,675.17,0.0325,5.43,40.92,80.77
2025-03-28 00:07:01.989977,Campaign_3,6628,282,37,5137.99,1442.55,0.0425,5.12,38.78,138.12
2025-03-28 00:07:01.989977,Campaign_4,8437,397,40,4679.41,2196.2,0.0471,5.52,54.5,116.11
2025-03-28 00:07:01.989977,Campaign_5,9515,627,37,3785.84,1238.97,0.0659,1.98,32.78,100.15
2025-03-29 00:07:01.989977,Campaign_1,7047,243,26,2671.44,646.94,0.0346,2.65,24.51,101.19
2025-03-29 00:07:01.989977,Campaign_2,11408,769,100,10152.35,3048.89,0.0674,3.96,30.36,101.09
2025-03-29 00:07:01.989977,Campaign_3,10013,324,35,1715.79,1181.99,0.0324,3.64,33.16,48.14
2025-03-29 00:07:01.989977,Campaign_4,6723,348,45,5553.94,2175.79,0.0518,6.25,47.55,121.37
2025-03-29 00:07:01.989977,Campaign_5,15069,499,56,9238.76,5426.16,0.0331,10.87,95.23,162.14
2025-03-30 00:07:01.989977,Campaign_1,6656,488,29,2995.89,1273.57,0.0734,2.61,42.88,100.87
2025-03-30 00:07:01.989977,Campaign_2,9438,523,61,9942.0,1172.76,0.0555,2.24,19.0,161.11
2025-03-30 00:07:01.989977,Campaign_3,3323,143,18,2899.96,655.64,0.0432,4.57,35.48,156.92
2025-03-30 00:07:01.989977,Campaign_4,9111,605,48,2436.93,3282.29,0.0664,5.42,67.51,50.12
2025-03-30 00:07:01.989977,Campaign_5,3030,128,12,1292.69,550.04,0.0425,4.27,44.65,104.93
2025-03-31 00:07:01.989977,Campaign_1,6619,519,66,4430.96,2159.85,0.0784,4.16,32.73,67.14
2025-03-31 00:07:01.989977,Campaign_2,3416,250,31,3629.65,372.37,0.0734,1.48,11.67,113.78
2025-03-31 00:07:01.989977,Campaign_3,4287,276,32,3576.39,802.68,0.0644,2.91,24.77,110.38
2025-03-31 00:07:01.989977,Campaign_4,2991,209,29,3852.72,504.55,0.07,2.41,16.87,128.85
2025-03-31 00:07:01.989977,Campaign_5,13994,294,40,2747.1,4626.64,0.021,15.74,113.96,67.66
2025-04-01 00:07:01.989977,Campaign_1,8184,362,36,5689.09,1167.3,0.0442,3.22,32.42,158.03
2025-04-01 00:07:01.989977,Campaign_2,1475,40,5,995.96,500.01,0.0276,12.29,90.91,181.08
2025-04-01 00:07:01.989977,Campaign_3,8563,424,44,7801.79,2241.44,0.0496,5.28,50.48,175.72
2025-04-01 00:07:01.989977,Campaign_4,4785,215,18,3527.05,831.44,0.0451,3.85,45.68,193.79
2025-04-01 00:07:01.989977,Campaign_5,8103,454,33,3642.05,1746.06,0.0562,3.84,51.97,108.39
2025-04-02 00:07:01.989977,Campaign_1,8679,650,79,11183.3,4163.51,0.0749,6.41,52.7,141.56
2025-04-02 00:07:01.989977,Campaign_2,5665,338,48,7738.47,1053.55,0.0598,3.11,21.77,159.89
2025-04-02 00:07:01.989977,Campaign_3,10458,547,36,6344.26,4586.49,0.0523,8.38,127.4,176.23
2025-04-02 00:07:01.989977,Campaign_4,11276,629,52,8613.12,1608.43,0.0558,2.56,30.93,165.64
2025-04-02 00:07:01.989977,Campaign_5,4680,296,29,4505.85,1282.05,0.0634,4.32,43.61,153.26
2025-04-03 00:07:01.989977,Campaign_1,8970,620,80,12336.36,1873.46,0.0691,3.02,23.42,154.2
2025-04-03 00:07:01.989977,Campaign_2,8809,229,18,3199.84,4271.39,0.0261,18.58,228.42,171.11
2025-04-03 00:07:01.989977,Campaign_3,7363,566,52,4106.25,2332.37,0.0769,4.12,44.17,77.77
2025-04-03 00:07:01.989977,Campaign_4,12229,800,91,14910.84,4764.96,0.0655,5.95,52.36,163.86
2025-04-03 00:07:01.989977,Campaign_5,11366,806,60,7429.51,2142.42,0.0709,2.66,35.59,123.41
2025-04-04 00:07:01.989977,Campaign_1,4993,115,13,736.12,1674.18,0.023,14.56,128.78,56.62
2025-04-04 00:07:01.989977,Campaign_2,10551,324,34,6387.72,1198.39,0.0308,3.69,35.14,187.32
2025-04-04 00:07:01.989977,Campaign_3,11784,752,51,3472.28,3166.42,0.0638,4.21,61.36,67.29
2025-04-04 00:07:01.989977,Campaign_4,3250,157,20,3674.99,739.83,0.0484,4.7,35.57,176.68
2025-04-04 00:07:01.989977,Campaign_5,6385,373,42,4397.59,2070.6,0.0585,5.54,49.3,104.7
2025-04-05 00:07:01.989977,Campaign_1,10776,254,28,2625.51,3501.36,0.0236,13.78,122.43,91.8
2025-04-05 00:07:01.989977,Campaign_2,12183,454,44,6862.36,2309.82,0.0373,5.09,51.59,153.28
2025-04-05 00:07:01.989977,Campaign_3,13944,760,52,2575.69,5206.58,0.0545,6.85,98.61,48.78
2025-04-05 00:07:01.989977,Campaign_4,8339,578,55,9676.61,2915.53,0.0694,5.04,52.28,173.51
2025-04-05 00:07:01.989977,Campaign_5,13786,270,13,797.35,1321.61,0.0196,4.89,95.35,57.53
2025-04-06 00:07:01.989977,Campaign_1,1525,105,14,2148.13,339.49,0.0694,3.21,23.74,150.22
2025-04-06 00:07:01.989977,Campaign_2,5847,287,32,1499.91,1398.18,0.0491,4.87,42.8,45.91
2025-04-06 00:07:01.989977,Campaign_3,13776,491,36,2857.38,1341.34,0.0357,2.73,36.29,77.31
2025-04-06 00:07:01.989977,Campaign_4,15437,1103,57,3453.85,3301.78,0.0715,2.99,57.72,60.38
2025-04-06 00:07:01.989977,Campaign_5,4751,304,16,1734.61,1788.16,0.064,5.88,105.56,102.4
2025-04-07 00:07:01.989977,Campaign_1,9202,683,101,16311.8,1159.4,0.0742,1.7,11.48,161.5
2025-04-07 00:07:01.989977,Campaign_2,9709,682,49,8642.52,1438.35,0.0702,2.11,29.06,174.6
2025-04-07 00:07:01.989977,Campaign_3,9928,303,21,1684.06,4089.02,0.0306,13.47,189.31,77.97
2025-04-07 00:07:01.989977,Campaign_4,6298,427,48,3965.78,1935.56,0.0679,4.53,40.24,82.45
2025-04-07 00:07:01.989977,Campaign_5,4078,210,15,1960.22,1209.08,0.0515,5.76,78.51,127.29
2025-04-08 00:07:01.989977,Campaign_1,8312,242,31,2593.65,1575.35,0.0291,6.51,50.82,83.67
2025-04-08 00:07:01.989977,Campaign_2,6242,342,19,3596.06,1287.45,0.0548,3.76,65.02,181.62
2025-04-08 00:07:01.989977,Campaign_3,2661,205,27,4731.4,963.76,0.0771,4.7,34.92,171.43
2025-04-08 00:07:01.989977,Campaign_4,2540,93,6,329.96,960.92,0.0368,10.27,147.83,50.76
2025-04-08 00:07:01.989977,Campaign_5,8813,438,25,2092.29,3289.92,0.0497,7.51,130.55,83.03
2025-04-09 00:07:01.989977,Campaign_1,5036,400,22,4013.59,1543.19,0.0794,3.86,70.14,182.44
2025-04-09 00:07:01.989977,Campaign_2,3478,240,19,3003.71,1134.91,0.0693,4.71,57.32,151.7
2025-04-09 00:07:01.989977,Campaign_3,2774,201,25,3748.95,1221.38,0.0727,6.06,48.47,148.77
2025-04-09 00:07:01.989977,Campaign_4,3515,140,9,1724.57,500.33,0.0399,3.56,54.98,189.51
2025-04-09 00:07:01.989977,Campaign_5,6633,431,28,5099.66,2976.56,0.065,6.9,106.31,182.13
2025-04-10 00:07:01.989977,Campaign_1,6150,427,26,2606.96,2444.03,0.0694,5.72,94.0,100.27
2025-04-10 00:07:01.989977,Campaign_2,5497,110,11,1798.45,1118.67,0.02,10.17,101.7,163.5
2025-04-10 00:07:01.989977,Campaign_3,7611,189,15,2090.04,1113.86,0.0249,5.87,71.4,133.98
2025-04-10 00:07:01.989977,Campaign_4,10411,603,62,10419.35,1486.71,0.0579,2.46,23.83,166.98
2025-04-10 00:07:01.989977,Campaign_5,8892,691,57,8316.87,4204.62,0.0778,6.08,73.25,144.89
2025-04-11 00:07:01.989977,Campaign_1,6084,409,27,4471.96,2913.74,0.0672,7.12,107.92,165.63
2025-04-11 00:07:01.989977,Campaign_2,2244,148,17,2130.24,276.39,0.0662,1.86,15.7,121.04
2025-04-11 00:07:01.989977,Campaign_3,8823,637,93,18283.05,3528.21,0.0722,5.54,37.69,195.33
2025-04-11 00:07:01.989977,Campaign_4,8249,458,40,2411.71,3535.91,0.0556,7.71,87.74,59.84
2025-04-11 00:07:01.989977,Campaign_5,6098,466,28,4987.68,1895.44,0.0764,4.07,67.69,178.13
2025-04-12 00:07:01.989977,Campaign_1,4612,271,18,1060.07,1430.74,0.0588,5.27,76.51,56.69
2025-04-12 00:07:01.989977,Campaign_2,5402,144,18,3209.01,506.6,0.0267,3.51,27.91,176.8
2025-04-12 00:07:01.989977,Campaign_3,2862,209,17,2274.15,617.96,0.0733,2.95,36.01,132.53
2025-04-12 00:07:01.989977,Campaign_4,10336,441,58,4503.49,1595.64,0.0427,3.62,27.22,76.81
2025-04-12 00:07:01.989977,Campaign_5,6814,384,30,5030.3,1642.67,0.0565,4.27,53.33,163.32
2025-04-13 00:07:01.989977,Campaign_1,3128,88,5,318.37,420.93,0.0283,4.75,76.53,57.89
2025-04-13 00:07:01.989977,Campaign_2,2706,182,21,2849.87,343.88,0.0673,1.89,15.79,130.85
2025-04-13 00:07:01.989977,Campaign_3,14232,1018,142,10085.32,3378.42,0.0716,3.32,23.7,70.74
2025-04-13 00:07:01.989977,Campaign_4,4485,195,12,1447.75,469.74,0.0437,2.4,36.5,112.49
2025-04-13 00:07:01.989977,Campaign_5,10263,388,40,4185.53,4222.77,0.0378,10.88,105.46,104.53
2025-04-14 00:07:01.989977,Campaign_1,5167,247,29,3170.62,2531.21,0.0478,10.25,87.28,109.33
2025-04-14 00:07:01.989977,Campaign_2,10292,385,45,8073.73,4239.98,0.0374,11.01,94.01,179.02
2025-04-14 00:07:01.989977,Campaign_3,2133,103,6,517.84,1055.42,0.0484,10.23,175.9,86.31
2025-04-14 00:07:01.989977,Campaign_4,8828,185,18,1484.25,2104.73,0.0211,11.32,115.64,81.55
2025-04-14 00:07:01.989977,Campaign_5,9865,753,42,5465.73,4469.34,0.0763,5.93,106.41,130.14
2025-04-15 00:07:01.989977,Campaign_1,2949,64,3,328.62,451.45,0.0217,7.05,150.48,109.54
2025-04-15 00:07:01.989977,Campaign_2,8815,281,33,5716.13,1026.76,0.0319,3.65,31.11,173.22
2025-04-15 00:07:01.989977,Campaign_3,11542,302,33,5240.64,1300.12,0.0262,4.3,38.69,155.97
2025-04-15 00:07:01.989977,Campaign_4,10292,586,65,6163.65,4879.29,0.057,8.32,75.07,94.83
2025-04-15 00:07:01.989977,Campaign_5,6875,431,56,5651.38,2928.44,0.0627,6.79,52.29,100.92
2025-04-16 00:07:01.989977,Campaign_1,1458,107,11,1898.54,409.59,0.0734,3.83,37.24,172.59
2025-04-16 00:07:01.989977,Campaign_2,1665,36,2,254.74,649.39,0.0218,17.89,295.18,115.79
2025-04-16 00:07:01.989977,Campaign_3,9814,340,21,3904.58,1842.1,0.0347,5.41,85.28,180.77
2025-04-16 00:07:01.989977,Campaign_4,6029,289,35,6345.2,1648.81,0.0481,5.69,46.97,180.77
2025-04-16 00:07:01.989977,Campaign_5,1828,53,1,207.19,425.88,0.0291,8.01,304.2,147.99
2025-04-17 00:07:01.989977,Campaign_1,9503,745,85,6794.17,3535.98,0.0784,4.75,41.6,79.93
2025-04-17 00:07:01.989977,Campaign_2,7959,358,24,4260.84,1350.56,0.0451,3.77,55.81,176.07
2025-04-17 00:07:01.989977,Campaign_3,1389,62,8,1212.24,547.7,0.0449,8.78,65.2,144.31
2025-04-17 00:07:01.989977,Campaign_4,5788,457,24,4447.35,1918.85,0.079,4.19,77.69,180.05
2025-04-17 00:07:01.989977,Campaign_5,10588,229,19,2762.19,3590.35,0.0217,15.64,183.18,140.93
2025-04-18 00:07:01.989977,Campaign_1,2394,88,7,753.04,685.46,0.0368,7.79,97.92,107.58
2025-04-18 00:07:01.989977,Campaign_2,4353,148,18,2071.9,1483.52,0.0341,9.99,79.33,110.8
2025-04-18 00:07:01.989977,Campaign_3,1830,142,9,1710.31,543.35,0.078,3.8,56.6,178.16
2025-04-18 00:07:01.989977,Campaign_4,4374,111,9,1264.33,1451.31,0.0256,12.98,159.48,138.94
2025-04-18 00:07:01.989977,Campaign_5,5817,322,21,2281.91,2837.33,0.0554,8.81,135.11,108.66
2025-04-19 00:07:01.989977,Campaign_1,3735,255,12,1520.88,1056.82,0.0683,4.14,87.34,125.69
2025-04-19 00:07:01.989977,Campaign_2,10641,480,32,1812.43,1489.0,0.0452,3.1,45.58,55.48
2025-04-19 00:07:01.989977,Campaign_3,9682,372,46,4814.59,1609.61,0.0385,4.32,34.84,104.21
2025-04-19 00:07:01.989977,Campaign_4,12659,756,47,3223.63,1209.7,0.0598,1.6,25.63,68.31
2025-04-19 00:07:01.989977,Campaign_5,11847,468,46,7025.28,3772.93,0.0395,8.05,81.67,152.06
2025-04-20 00:07:01.989977,Campaign_1,3843,264,26,3143.66,364.1,0.0688,1.38,13.79,119.08
2025-04-20 00:07:01.989977,Campaign_2,2597,129,16,860.88,322.22,0.0497,2.5,19.02,50.82
2025-04-20 00:07:01.989977,Campaign_3,7621,224,11,707.36,2120.6,0.0295,9.43,178.5,59.54
2025-04-20 00:07:01.989977,Campaign_4,8712,364,32,4571.57,776.52,0.0419,2.13,23.61,139.0
2025-04-20 00:07:01.989977,Campaign_5,14234,1069,109,8760.49,3661.77,0.0751,3.43,33.49,80.12
2025-04-21 00:07:01.989977,Campaign_1,8595,446,27,1887.49,1353.0,0.0519,3.03,50.11,69.91
2025-04-21 00:07:01.989977,Campaign_2,3265,104,12,2365.39,449.26,0.032,4.3,37.13,195.49
2025-04-21 00:07:01.989977,Campaign_3,9374,436,58,4502.46,3534.62,0.0466,8.09,60.11,76.57
2025-04-21 00:07:01.989977,Campaign_4,8109,621,72,9069.15,2815.09,0.0766,4.53,38.67,124.58
2025-04-21 00:07:01.989977,Campaign_5,6606,474,60,4031.38,2762.91,0.0718,5.82,45.9,66.97
2025-04-22 00:07:01.989977,Campaign_1,4072,134,15,1636.19,1467.93,0.0329,10.95,97.86,109.08
2025-04-22 00:07:01.989977,Campaign_2,10037,596,89,5099.35,4927.1,0.0594,8.26,55.3,57.23
2025-04-22 00:07:01.989977,Campaign_3,10617,844,105,6713.23,2287.82,0.0796,2.71,21.66,63.57
2025-04-22 00:07:01.989977,Campaign_4,10548,765,68,6824.89,3871.58,0.0726,5.06,56.19,99.05
2025-04-22 00:07:01.989977,Campaign_5,6374,418,53,6135.95,2722.64,0.0657,6.5,51.18,115.34
2025-04-23 00:07:01.989977,Campaign_1,2367,89,10,992.57,833.38,0.0376,9.36,83.34,99.26
2025-04-23 00:07:01.989977,Campaign_2,6386,343,29,3928.57,2162.47,0.0537,6.3,72.81,132.27
2025-04-23 00:07:01.989977,Campaign_3,11912,504,36,2195.26,4066.65,0.0423,8.07,112.96,60.98
2025-04-23 00:07:01.989977,Campaign_4,10552,603,57,6118.56,4699.2,0.0572,7.79,82.15,106.97
2025-04-23 00:07:01.989977,Campaign_5,5408,382,53,9153.85,776.44,0.0707,2.03,14.59,172.06
2025-04-24 00:07:01.989977,Campaign_1,6252,274,29,3771.17,2145.45,0.0438,7.83,73.98,130.04
2025-04-24 00:07:01.989977,Campaign_2,7089,458,55,7050.18,3041.09,0.0647,6.63,55.29,128.19
2025-04-24 00:07:01.989977,Campaign_3,6517,382,52,4568.38,3068.39,0.0587,8.02,58.11,86.52
2025-04-24 00:07:01.989977,Campaign_4,1482,59,2,319.49,300.42,0.0404,5.02,115.55,122.88
2025-04-24 00:07:01.989977,Campaign_5,6454,488,50,6911.85,876.78,0.0757,1.79,17.4,137.14
2025-04-25 00:07:01.989977,Campaign_1,7787,540,55,3766.59,3455.61,0.0693,6.4,62.83,68.48
2025-04-25 00:07:01.989977,Campaign_2,8857,275,20,3532.33,1541.96,0.031,5.61,73.78,169.01
2025-04-25 00:07:01.989977,Campaign_3,7256,564,55,9433.62,2322.71,0.0777,4.12,42.08,170.9
2025-04-25 00:07:01.989977,Campaign_4,8443,435,26,1310.08,2999.08,0.0516,6.89,115.35,50.39
2025-04-25 00:07:01.989977,Campaign_5,3220,235,16,1374.35,1108.94,0.073,4.71,66.01,81.81
2025-04-26 00:07:01.989977,Campaign_1,8102,546,72,6798.87,1314.94,0.0674,2.41,18.11,93.65
2025-04-26 00:07:01.989977,Campaign_2,3057,111,12,1954.44,938.97,0.0364,8.43,77.6,161.52
2025-04-26 00:07:01.989977,Campaign_3,11520,282,30,3250.32,3212.58,0.0246,11.36,105.82,107.06
2025-04-26 00:07:01.989977,Campaign_4,2311,158,14,1693.95,330.18,0.0685,2.08,23.09,118.46
2025-04-26 00:07:01.989977,Campaign_5,6471,362,36,4435.35,1039.62,0.056,2.87,28.13,120.0
2025-04-27 00:07:01.989977,Campaign_1,2520,133,12,2179.85,324.61,0.0529,2.43,26.83,180.15
2025-04-27 00:07:01.989977,Campaign_2,10269,619,70,12676.32,1295.32,0.0604,2.09,18.46,180.63
2025-04-27 00:07:01.989977,Campaign_3,9646,586,59,4920.7,1059.25,0.0608,1.81,17.83,82.84
2025-04-27 00:07:01.989977,Campaign_4,13795,415,31,2402.36,2781.99,0.0301,6.69,88.43,76.36
2025-04-27 00:07:01.989977,Campaign_5,2867,127,15,2106.17,305.83,0.0444,2.4,19.86,136.76
2025-04-28 00:07:01.989977,Campaign_1,5255,275,37,5462.37,1645.78,0.0523,5.98,44.48,147.63
2025-04-28 00:07:01.989977,Campaign_2,3770,178,12,700.0,947.94,0.0473,5.32,78.34,57.85
2025-04-28 00:07:01.989977,Campaign_3,5848,373,36,2124.77,1900.38,0.0638,5.09,52.79,59.02
2025-04-28 00:07:01.989977,Campaign_4,5686,182,18,1173.93,1592.98,0.032,8.75,87.53,64.5
2025-04-28 00:07:01.989977,Campaign_5,5716,232,26,4503.85,2691.59,0.0407,11.58,101.19,169.32
2025-04-29 00:07:01.989977,Campaign_1,1236,33,4,212.02,488.06,0.0267,14.79,122.02,53.0
2025-04-29 00:07:01.989977,Campaign_2,10510,363,41,2672.67,2131.73,0.0345,5.87,51.0,63.94
2025-04-29 00:07:01.989977,Campaign_3,7074,195,25,4216.07,2712.86,0.0277,13.87,107.65,167.3
2025-04-29 00:07:01.989977,Campaign_4,6142,165,11,1184.64,1550.14,0.0269,9.39,132.49,101.25
2025-04-29 00:07:01.989977,Campaign_5,5343,406,42,4024.8,1382.94,0.076,3.41,32.93,95.83
2025-04-30 00:07:01.989977,Campaign_1,8574,656,90,6683.82,3554.01,0.0765,5.42,39.49,74.26
2025-04-30 00:07:01.989977,Campaign_2,5980,322,28,3579.95,1548.23,0.0539,4.8,54.13,125.17
2025-04-30 00:07:01.989977,Campaign_3,11742,676,79,10285.88,4562.58,0.0576,6.74,57.61,129.87
2025-04-30 00:07:01.989977,Campaign_4,5379,361,28,1777.14,1405.06,0.0672,3.89,49.13,62.14
2025-04-30 00:07:01.989977,Campaign_5,10809,315,22,4336.6,3558.63,0.0291,11.3,158.87,193.6
2025-05-01 00:07:01.989977,Campaign_1,6656,362,35,3397.07,2280.0,0.0544,6.3,65.14,97.06
2025-05-01 00:07:01.989977,Campaign_2,6508,453,36,7002.98,2799.26,0.0696,6.18,77.11,192.92
2025-05-01 00:07:01.989977,Campaign_3,8126,340,19,1034.34,1252.01,0.0419,3.67,65.21,53.87
2025-05-01 00:07:01.989977,Campaign_4,10842,573,83,9557.57,2436.48,0.0529,4.25,29.28,114.87
2025-05-01 00:07:01.989977,Campaign_5,2583,186,14,2488.04,258.64,0.0721,1.39,18.47,177.72
2025-05-02 00:07:01.989977,Campaign_1,5349,300,25,2699.23,1742.58,0.0561,5.81,69.7,107.97
2025-05-02 00:07:01.989977,Campaign_2,8236,192,28,1677.88,3113.63,0.0234,16.17,108.87,58.67
2025-05-02 00:07:01.989977,Campaign_3,11577,530,34,2129.57,4782.46,0.0458,9.02,137.43,61.19
2025-05-02 00:07:01.989977,Campaign_4,9627,591,32,4108.43,4801.18,0.0614,8.12,147.73,126.41
2025-05-02 00:07:01.989977,Campaign_5,11099,376,26,2023.27,4021.12,0.0339,10.68,151.17,76.06
2025-05-03 00:07:01.989977,Campaign_1,6620,288,16,2744.86,1544.28,0.0436,5.35,93.59,166.36
2025-05-03 00:07:01.989977,Campaign_2,4018,158,14,1613.64,571.76,0.0394,3.62,39.38,111.13
2025-05-03 00:07:01.989977,Campaign_3,10281,651,31,3237.79,2506.46,0.0634,3.85,79.12,102.2
2025-05-03 00:07:01.989977,Campaign_4,5137,331,34,4746.96,752.92,0.0646,2.27,21.94,138.31
2025-05-03 00:07:01.989977,Campaign_5,12358,829,89,6482.07,1296.02,0.0671,1.56,14.51,72.57
2025-05-04 00:07:01.989977,Campaign_1,2005,94,4,528.78,470.81,0.047,4.99,107.0,120.18
2025-05-04 00:07:01.989977,Campaign_2,4428,151,8,531.92,1645.46,0.0343,10.84,194.27,62.8
2025-05-04 00:07:01.989977,Campaign_3,8235,506,46,4468.1,1769.16,0.0615,3.49,38.29,96.71
2025-05-04 00:07:01.989977,Campaign_4,7009,291,40,2546.97,822.75,0.0416,2.82,20.55,63.61
2025-05-04 00:07:01.989977,Campaign_5,7040,262,29,3076.04,1184.44,0.0373,4.51,40.48,105.13
2025-05-05 00:07:01.989977,Campaign_1,8177,619,46,7690.08,3516.54,0.0757,5.68,76.45,167.18
2025-05-05 00:07:01.989977,Campaign_2,1952,143,15,2188.19,247.31,0.0732,1.73,16.06,142.09
2025-05-05 00:07:01.989977,Campaign_3,10008,289,34,4413.8,3723.89,0.0289,12.88,107.01,126.83
2025-05-05 00:07:01.989977,Campaign_4,7722,171,20,3096.19,3249.82,0.0222,18.94,156.24,148.86
2025-05-05 00:07:01.989977,Campaign_5,12110,250,36,5846.8,2922.15,0.0207,11.66,80.28,160.63
2025-05-06 00:07:01.989977,Campaign_1,1365,108,15,2870.21,564.48,0.0791,5.23,37.63,191.35
2025-05-06 00:07:01.989977,Campaign_2,10729,325,18,2787.15,4353.44,0.0303,13.37,232.8,149.05
2025-05-06 00:07:01.989977,Campaign_3,7726,350,20,2594.85,3550.93,0.0453,10.13,174.07,127.2
2025-05-06 00:07:01.989977,Campaign_4,6290,210,29,4488.07,655.31,0.0335,3.11,21.92,150.1
2025-05-06 00:07:01.989977,Campaign_5,3957,224,28,4104.4,1235.31,0.0566,5.51,44.12,146.59
2025-05-07 00:07:01.989977,Campaign_1,5285,389,31,2132.34,1531.25,0.0736,3.94,49.4,68.79
2025-05-07 00:07:01.989977,Campaign_2,1945,108,11,1784.32,826.44,0.056,7.59,75.13,162.21
2025-05-07 00:07:01.989977,Campaign_3,11656,262,15,2180.56,1608.69,0.0225,6.12,103.12,139.78
2025-05-07 00:07:01.989977,Campaign_4,7257,332,31,4428.56,3463.69,0.0459,10.41,111.02,141.94
2025-05-07 00:07:01.989977,Campaign_5,4845,365,42,5225.1,509.18,0.0754,1.39,12.12,124.41
2025-05-08 00:07:01.989977,Campaign_1,6341,454,61,11458.18,1273.88,0.0716,2.81,20.88,187.84
2025-05-08 00:07:01.989977,Campaign_2,8981,426,57,9110.45,3687.62,0.0475,8.64,64.47,159.27
2025-05-08 00:07:01.989977,Campaign_3,11746,765,58,7698.89,4595.1,0.0652,6.0,78.15,130.93
2025-05-08 00:07:01.989977,Campaign_4,7225,183,26,3204.74,1158.02,0.0254,6.32,44.54,123.26
2025-05-08 00:07:01.989977,Campaign_5,13512,604,75,12210.43,4658.89,0.0448,7.7,61.63,161.51
2025-05-09 00:07:01.989977,Campaign_1,2653,143,17,3076.97,940.53,0.0539,6.58,55.33,181.0
2025-05-09 00:07:01.989977,Campaign_2,9124,419,27,3676.92,3875.18,0.0459,9.25,140.92,133.71
2025-05-09 00:07:01.989977,Campaign_3,8394,532,79,5138.24,2187.46,0.0635,4.11,27.62,64.88
2025-05-09 00:07:01.989977,Campaign_4,11742,378,39,6238.47,4067.67,0.0322,10.75,104.3,159.96
2025-05-09 00:07:01.989977,Campaign_5,4422,295,30,1564.16,1788.48,0.0668,6.05,58.07,50.78
2025-05-10 00:07:01.989977,Campaign_1,4899,303,19,3486.8,1009.22,0.062,3.32,50.97,176.1
2025-05-10 00:07:01.989977,Campaign_2,4796,299,37,4110.68,1202.5,0.0625,4.01,32.06,109.59
2025-05-10 00:07:01.989977,Campaign_3,2443,97,7,1139.84,925.5,0.0401,9.45,116.86,143.92
2025-05-10 00:07:01.989977,Campaign_4,1912,50,4,196.1,273.1,0.0266,5.37,63.66,45.71
2025-05-10 00:07:01.989977,Campaign_5,11576,341,27,2780.8,4338.48,0.0295,12.71,156.51,100.32
2025-05-11 00:07:01.989977,Campaign_1,5150,288,15,1917.97,1393.16,0.056,4.83,90.46,124.54
2025-05-11 00:07:01.989977,Campaign_2,6545,351,38,6010.34,1134.23,0.0537,3.23,29.29,155.23
2025-05-11 00:07:01.989977,Campaign_3,6321,149,7,720.98,2180.73,0.0236,14.63,275.35,91.03
2025-05-11 00:07:01.989977,Campaign_4,9505,296,37,4327.9,1975.35,0.0311,6.67,53.13,116.4
2025-05-11 00:07:01.989977,Campaign_5,10867,412,35,2037.94,1704.86,0.0379,4.14,48.13,57.54
2025-05-12 00:07:01.989977,Campaign_1,3810,259,32,5121.36,837.35,0.068,3.23,26.17,160.04
2025-05-12 00:07:01.989977,Campaign_2,2511,124,7,1177.23,1246.74,0.0495,10.03,161.91,152.89
2025-05-12 00:07:01.989977,Campaign_3,3805,163,16,2321.18,661.31,0.0429,4.05,39.36,138.17
2025-05-12 00:07:01.989977,Campaign_4,12127,484,24,1324.63,5247.4,0.04,10.82,212.45,53.63
2025-05-12 00:07:01.989977,Campaign_5,5259,267,21,4013.14,1071.52,0.0508,4.01,51.02,191.1
2025-05-13 00:07:01.989977,Campaign_1,6017,435,58,4519.08,2533.5,0.0723,5.82,43.68,77.92
2025-05-13 00:07:01.989977,Campaign_2,10884,532,33,2048.98,4257.75,0.0489,8.0,129.02,62.09
2025-05-13 00:07:01.989977,Campaign_3,7326,546,69,3553.38,900.45,0.0745,1.65,12.94,51.05
2025-05-13 00:07:01.989977,Campaign_4,2190,123,7,1269.11,794.67,0.0564,6.43,101.88,162.71
2025-05-13 00:07:01.989977,Campaign_5,11015,264,14,1292.59,2254.62,0.024,8.52,161.04,92.33
2025-05-14 00:07:01.989977,Campaign_1,1162,42,5,981.13,288.74,0.0361,6.87,57.75,196.23
2025-05-14 00:07:01.989977,Campaign_2,3315,155,19,1184.14,978.14,0.0468,6.31,49.4,59.8
2025-05-14 00:07:01.989977,Campaign_3,4371,249,26,2689.84,988.31,0.0571,3.96,37.44,101.89
2025-05-14 00:07:01.989977,Campaign_4,2172,128,18,2439.26,1031.25,0.0592,8.01,56.66,134.03
2025-05-14 00:07:01.989977,Campaign_5,3428,237,29,4223.72,1021.01,0.0694,4.29,34.73,143.66
2025-05-15 00:07:01.989977,Campaign_1,7164,253,29,2311.72,2336.41,0.0353,9.23,80.57,79.71
2025-05-15 00:07:01.989977,Campaign_2,3231,124,17,3433.82,559.77,0.0385,4.5,31.8,195.1
2025-05-15 00:07:01.989977,Campaign_3,8764,254,18,1577.61,3858.67,0.029,15.17,214.37,87.64
2025-05-15 00:07:01.989977,Campaign_4,5280,278,40,3389.69,1381.36,0.0527,4.97,34.28,84.11
2025-05-15 00:07:01.989977,Campaign_5,4326,103,11,1473.14,574.02,0.0239,5.54,51.25,131.53
2025-05-16 00:07:01.989977,Campaign_1,4648,212,13,1945.17,866.56,0.0456,4.09,66.66,149.63
2025-05-16 00:07:01.989977,Campaign_2,8783,419,37,5521.96,2794.67,0.0477,6.67,74.72,147.65
2025-05-16 00:07:01.989977,Campaign_3,11442,768,46,4838.93,5620.59,0.0671,7.32,120.1,103.4
2025-05-16 00:07:01.989977,Campaign_4,3710,184,14,2585.73,1179.62,0.0498,6.39,82.49,180.82
2025-05-16 00:07:01.989977,Campaign_5,9483,305,42,7641.37,4250.85,0.0322,13.93,101.21,181.94
2025-05-17 00:07:01.989977,Campaign_1,10257,462,64,9782.31,947.69,0.0451,2.05,14.6,150.73
2025-05-17 00:07:01.989977,Campaign_2,9080,416,55,6618.75,2263.45,0.0458,5.44,40.67,118.91
2025-05-17 00:07:01.989977,Campaign_3,8451,342,30,3025.16,967.42,0.0405,2.83,31.87,99.64
2025-05-17 00:07:01.989977,Campaign_4,12249,913,61,7183.12,2193.16,0.0746,2.4,35.67,116.82
2025-05-17 00:07:01.989977,Campaign_5,2478,154,10,949.15,737.35,0.0624,4.77,68.4,88.05
2025-05-18 00:07:01.989977,Campaign_1,10893,780,77,5158.53,3434.75,0.0717,4.4,44.61,66.99
2025-05-18 00:07:01.989977,Campaign_2,5045,274,21,3654.64,704.38,0.0544,2.57,32.34,167.8
2025-05-18 00:07:01.989977,Campaign_3,10985,298,19,1397.41,4189.2,0.0271,14.05,211.58,70.58
2025-05-18 00:07:01.989977,Campaign_4,2631,73,5,739.93,292.53,0.0278,3.99,51.14,129.36
2025-05-18 00:07:01.989977,Campaign_5,6032,156,18,1645.56,2490.41,0.0259,15.95,134.76,89.05
2025-05-19 00:07:01.989977,Campaign_1,6108,366,41,3070.62,2765.53,0.0599,7.56,67.45,74.89
2025-05-19 00:07:01.989977,Campaign_2,10381,288,34,2180.85,1160.12,0.0278,4.03,34.02,63.95
2025-05-19 00:07:01.989977,Campaign_3,10599,261,31,2437.09,4698.49,0.0247,17.96,150.59,78.11
2025-05-19 00:07:01.989977,Campaign_4,2138,133,10,1255.02,916.68,0.0626,6.85,88.14,120.68
2025-05-19 00:07:01.989977,Campaign_5,4905,203,19,3415.05,1148.32,0.0414,5.66,58.59,174.24
2025-05-20 00:07:01.989977,Campaign_1,5079,318,42,2734.02,995.23,0.0626,3.13,23.7,65.1
2025-05-20 00:07:01.989977,Campaign_2,2986,221,26,2077.39,1031.87,0.074,4.67,39.09,78.69
2025-05-20 00:07:01.989977,Campaign_3,3991,228,19,3383.37,1151.52,0.0571,5.05,59.98,176.22
2025-05-20 00:07:01.989977,Campaign_4,11635,409,20,3346.6,1658.42,0.0352,4.05,79.73,160.89
2025-05-20 00:07:01.989977,Campaign_5,7809,477,26,2027.78,3453.97,0.0611,7.23,129.85,76.23
2025-05-21 00:07:01.989977,Campaign_1,7144,501,39,5710.86,2698.0,0.0701,5.39,69.18,146.43
2025-05-21 00:07:01.989977,Campaign_2,7744,254,20,1259.76,3138.35,0.0328,12.35,150.16,60.28
2025-05-21 00:07:01.989977,Campaign_3,2337,138,19,3469.07,950.06,0.059,6.88,49.48,180.68
2025-05-21 00:07:01.989977,Campaign_4,3623,215,15,2902.84,1334.36,0.0596,6.18,85.54,186.08
2025-05-21 00:07:01.989977,Campaign_5,4835,145,12,1347.26,922.11,0.0301,6.33,73.18,106.93
2025-05-22 00:07:01.989977,Campaign_1,5596,295,25,4913.0,807.44,0.0527,2.74,32.3,196.52
2025-05-22 00:07:01.989977,Campaign_2,10765,226,19,1070.71,5237.48,0.021,23.11,264.52,54.08
2025-05-22 00:07:01.989977,Campaign_3,6908,493,38,7166.04,2774.31,0.0714,5.63,72.25,186.62
2025-05-22 00:07:01.989977,Campaign_4,11544,811,119,17126.92,3736.49,0.0703,4.61,31.24,143.2
2025-05-22 00:07:01.989977,Campaign_5,3543,205,18,1506.35,524.77,0.0581,2.55,28.83,82.77
