date,campaign,impressions,clicks,conversions,revenue,cost,ctr,cpc,cac,ltv,month,month_name,week,day_of_week,quarter,roi,conversion_rate,profit,ctr_7d_avg,cac_7d_avg,ltv_7d_avg,roi_7d_avg
2025-02-21 00:07:01.989977,Campaign_1,8270,560,38,6344.24,2801.38,0.0677,5.0,73.72,166.95,2,February,8,Friday,1,126.47,6.79,3542.8599999999997,0.0677,73.72,166.95,126.47
2025-02-21 00:07:01.989977,Campaign_2,7991,234,12,2177.11,2720.67,0.0293,11.61,224.85,179.93,2,February,8,Friday,1,-19.98,5.13,-543.56,0.0293,224.85,179.93,-19.98
2025-02-21 00:07:01.989977,Campaign_3,11186,236,33,5875.51,2068.76,0.0211,8.75,61.57,174.87,2,February,8,Friday,1,184.01,13.98,3806.75,0.0211,61.57,174.87,184.01
2025-02-21 00:07:01.989977,Campaign_4,8204,651,71,10134.98,843.62,0.0794,1.3,11.8,141.75,2,February,8,Friday,1,1101.37,10.91,9291.359999999999,0.0794,11.8,141.75,1101.37
2025-02-21 00:07:01.989977,Campaign_5,13532,767,49,4597.26,3336.34,0.0567,4.35,68.09,93.82,2,February,8,Friday,1,37.79,6.39,1260.92,0.0567,68.09,93.82,37.79
2025-02-22 00:07:01.989977,Campaign_1,1426,34,3,322.11,586.52,0.0242,17.0,177.73,97.61,2,February,8,Saturday,1,-45.08,8.82,-264.40999999999997,0.046,125.725,132.28,40.695
2025-02-22 00:07:01.989977,Campaign_2,3336,72,7,498.82,350.44,0.0216,4.86,48.27,68.71,2,February,8,Saturday,1,42.34,9.72,148.38,0.0254,136.56,124.32,11.18
2025-02-22 00:07:01.989977,Campaign_3,14100,1052,130,11368.22,1634.11,0.0747,1.55,12.5,86.99,2,February,8,Saturday,1,595.68,12.36,9734.109999999999,0.0479,37.035,130.93,389.845
2025-02-22 00:07:01.989977,Campaign_4,11286,500,28,3231.19,1069.93,0.0444,2.14,37.41,112.98,2,February,8,Saturday,1,202.0,5.6,2161.26,0.0619,24.605,127.365,651.685
2025-02-22 00:07:01.989977,Campaign_5,6975,236,26,2302.81,1790.5,0.0339,7.57,68.39,87.96,2,February,8,Saturday,1,28.61,11.02,512.31,0.0453,68.24,90.89,33.2
2025-02-23 00:07:01.989977,Campaign_1,5811,172,24,3657.94,2304.3,0.0297,13.36,95.22,151.15,2,February,8,Sunday,1,58.74,13.95,1353.6399999999999,0.0405,115.5567,138.57,46.71
2025-02-23 00:07:01.989977,Campaign_2,2633,140,18,1044.02,391.48,0.0533,2.79,21.57,57.52,2,February,8,Sunday,1,166.69,12.86,652.54,0.0347,98.23,102.0533,63.0167
2025-02-23 00:07:01.989977,Campaign_3,2903,215,26,3890.35,764.17,0.0742,3.55,28.95,147.36,2,February,8,Sunday,1,409.09,12.09,3126.18,0.0567,34.34,136.4067,396.26
2025-02-23 00:07:01.989977,Campaign_4,9183,363,25,3074.86,1196.71,0.0396,3.29,46.49,119.46,2,February,8,Sunday,1,156.94,6.89,1878.15,0.0545,31.9,124.73,486.77
2025-02-23 00:07:01.989977,Campaign_5,5144,146,6,635.66,1105.79,0.0285,7.55,179.51,103.19,2,February,8,Sunday,1,-42.52,4.11,-470.13,0.0397,105.33,94.99,7.96
2025-02-24 00:07:01.989977,Campaign_1,3695,75,9,1404.26,1446.97,0.0203,19.29,160.77,156.03,2,February,9,Monday,1,-2.95,12.0,-42.710000000000036,0.0355,126.86,142.935,34.295
2025-02-24 00:07:01.989977,Campaign_2,7581,572,64,12152.13,3335.84,0.0754,5.83,51.4,187.24,2,February,9,Monday,1,264.29,11.19,8816.289999999999,0.0449,86.5225,123.35,113.335
2025-02-24 00:07:01.989977,Campaign_3,4924,116,8,829.73,1929.75,0.0236,16.58,229.73,98.78,2,February,9,Monday,1,-57.0,6.9,-1100.02,0.0484,83.1875,127.0,282.945
2025-02-24 00:07:01.989977,Campaign_4,11900,638,55,10942.81,5230.92,0.0536,8.2,93.58,195.76,2,February,9,Monday,1,109.19,8.62,5711.889999999999,0.0542,47.32,142.4875,392.375
2025-02-24 00:07:01.989977,Campaign_5,2839,151,18,2258.06,877.58,0.0533,5.8,48.22,124.07,2,February,9,Monday,1,157.31,11.92,1380.48,0.0431,91.0525,102.26,45.2975
2025-02-25 00:07:01.989977,Campaign_1,6134,163,15,1203.87,2811.25,0.0266,17.25,187.42,80.26,2,February,9,Tuesday,1,-57.18,9.2,-1607.38,0.0337,138.972,130.4,16.0
2025-02-25 00:07:01.989977,Campaign_2,9248,358,35,6551.95,1847.14,0.0388,5.15,52.48,186.13,2,February,9,Tuesday,1,254.71,9.78,4704.8099999999995,0.0437,79.714,135.906,141.61
2025-02-25 00:07:01.989977,Campaign_3,9470,495,34,6661.7,3215.64,0.0523,6.49,92.4,191.43,2,February,9,Tuesday,1,107.17,6.87,3446.06,0.0492,85.03,139.886,247.79
2025-02-25 00:07:01.989977,Campaign_4,5404,392,42,4047.4,768.45,0.0726,1.96,17.91,94.35,2,February,9,Tuesday,1,426.7,10.71,3278.95,0.0579,41.438,132.86,399.24
2025-02-25 00:07:01.989977,Campaign_5,6477,291,39,3867.15,964.12,0.045,3.31,24.6,98.65,2,February,9,Tuesday,1,301.11,13.4,2903.03,0.0435,77.762,101.538,96.46
2025-02-26 00:07:01.989977,Campaign_1,6592,257,15,1262.85,1785.4,0.039,6.95,119.03,84.19,2,February,9,Wednesday,1,-29.27,5.84,-522.5500000000002,0.0346,135.6483,122.6983,8.455
2025-02-26 00:07:01.989977,Campaign_2,7550,288,18,2433.12,2219.3,0.0382,7.7,118.68,130.11,2,February,9,Wednesday,1,9.63,6.25,213.8199999999997,0.0428,86.2083,134.94,119.6133
2025-02-26 00:07:01.989977,Campaign_3,1995,152,12,1533.82,760.74,0.0764,4.99,63.39,127.82,2,February,9,Wednesday,1,101.62,7.89,773.0799999999999,0.0537,81.4233,137.875,223.4283
2025-02-26 00:07:01.989977,Campaign_4,8101,192,14,1244.55,3066.63,0.0237,15.94,214.45,87.03,2,February,9,Wednesday,1,-59.42,7.29,-1822.0800000000002,0.0522,70.2733,125.2217,322.7967
2025-02-26 00:07:01.989977,Campaign_5,11975,454,35,1943.66,4117.52,0.038,9.05,117.64,55.53,2,February,9,Wednesday,1,-52.8,7.71,-2173.8600000000006,0.0426,84.4083,93.87,71.5833
2025-02-27 00:07:01.989977,Campaign_1,5737,256,13,1322.89,2029.41,0.0446,7.93,156.11,101.76,2,February,9,Thursday,1,-34.81,5.08,-706.52,0.036,138.5714,119.7071,2.2743
2025-02-27 00:07:01.989977,Campaign_2,6873,356,33,4386.82,2317.05,0.0518,6.5,70.21,132.93,2,February,9,Thursday,1,89.33,9.27,2069.7699999999995,0.0441,83.9229,134.6529,115.2871
2025-02-27 00:07:01.989977,Campaign_3,5412,355,25,4012.66,1337.38,0.0656,3.77,53.07,159.23,2,February,9,Thursday,1,200.04,7.04,2675.2799999999997,0.0554,77.3729,140.9257,220.0871
2025-02-27 00:07:01.989977,Campaign_4,5110,403,35,6053.51,2142.94,0.0789,5.32,61.05,172.46,2,February,9,Thursday,1,182.49,8.68,3910.57,0.056,68.9557,131.97,302.7529
2025-02-27 00:07:01.989977,Campaign_5,7394,229,11,1552.7,2743.66,0.031,11.95,244.97,138.63,2,February,9,Thursday,1,-43.41,4.8,-1190.9599999999998,0.0409,107.3457,100.2643,55.1557
2025-02-28 00:07:01.989977,Campaign_1,7546,472,61,6240.29,1044.9,0.0625,2.21,17.13,102.3,2,February,9,Friday,1,497.21,12.92,5195.389999999999,0.0353,130.4871,110.4714,55.2371
2025-02-28 00:07:01.989977,Campaign_2,10648,653,57,10897.14,1650.53,0.0614,2.53,28.86,190.51,2,February,9,Friday,1,560.22,8.73,9246.609999999999,0.0486,55.9243,136.1643,198.1729
2025-02-28 00:07:01.989977,Campaign_3,10986,703,49,6455.89,4156.15,0.064,5.91,84.47,131.22,2,February,9,Friday,1,55.33,6.97,2299.7400000000007,0.0615,80.6443,134.69,201.7043
2025-02-28 00:07:01.989977,Campaign_4,1640,97,11,1559.38,511.64,0.0594,5.25,43.73,133.28,2,February,9,Friday,1,204.78,11.34,1047.7400000000002,0.0532,73.5171,130.76,174.6686
2025-02-28 00:07:01.989977,Campaign_5,4268,340,49,6553.46,1933.91,0.0797,5.68,39.47,133.74,2,February,9,Friday,1,238.87,14.41,4619.55,0.0442,103.2571,105.9671,83.8814
2025-03-01 00:07:01.989977,Campaign_1,9789,378,29,4290.12,3743.25,0.0386,9.89,126.04,144.45,3,March,9,Saturday,1,14.61,7.67,546.8699999999999,0.0373,123.1029,117.1629,63.7643
2025-03-01 00:07:01.989977,Campaign_2,9629,407,53,8597.74,3805.65,0.0423,9.34,71.48,161.49,3,March,9,Saturday,1,125.92,13.02,4792.09,0.0516,59.24,149.4186,210.1129
2025-03-01 00:07:01.989977,Campaign_3,9416,666,69,3267.74,1103.17,0.0708,1.66,15.77,46.71,3,March,9,Saturday,1,196.21,10.36,2164.5699999999997,0.061,81.1114,128.9357,144.6371
2025-03-01 00:07:01.989977,Campaign_4,1712,128,8,747.28,420.01,0.0751,3.27,48.95,87.1,3,March,9,Saturday,1,77.92,6.25,327.27,0.0576,75.1657,127.0629,156.9429
2025-03-01 00:07:01.989977,Campaign_5,3286,104,10,838.76,630.27,0.0318,6.02,58.47,77.81,3,March,9,Saturday,1,33.08,9.62,208.49,0.0439,101.84,104.5171,84.52
2025-03-02 00:07:01.989977,Campaign_1,5984,240,28,4111.67,1113.22,0.0402,4.63,38.92,143.76,3,March,9,Sunday,1,269.35,11.67,2998.45,0.0388,115.06,116.1071,93.8514
2025-03-02 00:07:01.989977,Campaign_2,7332,354,37,2986.11,2052.81,0.0483,5.8,54.73,79.61,3,March,9,Sunday,1,45.46,10.45,933.3000000000002,0.0509,63.9771,152.5743,192.7943
2025-03-02 00:07:01.989977,Campaign_3,6387,300,39,4145.73,1277.73,0.0471,4.25,32.27,104.69,3,March,9,Sunday,1,224.46,13.0,2867.9999999999995,0.0571,81.5857,122.84,118.2614
2025-03-02 00:07:01.989977,Campaign_4,12514,593,38,5558.71,2214.09,0.0474,3.73,57.34,143.97,3,March,9,Sunday,1,151.06,6.41,3344.62,0.0587,76.7157,130.5643,156.1029
2025-03-02 00:07:01.989977,Campaign_5,9478,600,30,5577.11,2274.68,0.0634,3.79,73.85,181.08,3,March,9,Sunday,1,145.18,5.0,3302.43,0.0489,86.7457,115.6443,111.3343
2025-03-03 00:07:01.989977,Campaign_1,2069,154,13,680.14,975.18,0.0744,6.33,75.01,52.32,3,March,10,Monday,1,-30.25,8.44,-295.03999999999996,0.0466,102.8086,101.2914,89.9514
2025-03-03 00:07:01.989977,Campaign_2,1431,111,15,2740.45,311.66,0.0776,2.81,20.24,177.95,3,March,10,Monday,1,779.31,13.51,2428.79,0.0512,59.5257,151.2471,266.3686
2025-03-03 00:07:01.989977,Campaign_3,2376,74,4,589.4,591.8,0.0313,7.95,123.29,122.79,3,March,10,Monday,1,-0.41,5.41,-2.3999999999999773,0.0582,66.38,126.27,126.3457
2025-03-03 00:07:01.989977,Campaign_4,8910,629,89,5432.45,1635.62,0.0706,2.6,18.23,60.56,3,March,10,Monday,1,232.13,14.15,3796.83,0.0611,65.9514,111.25,173.6657
2025-03-03 00:07:01.989977,Campaign_5,7019,557,35,4471.23,3165.48,0.0794,5.68,90.44,127.75,3,March,10,Monday,1,41.25,6.28,1305.7499999999995,0.0526,92.7771,116.17,94.7543
2025-03-04 00:07:01.989977,Campaign_1,1784,126,8,1250.69,572.89,0.0706,4.55,71.61,156.34,3,March,10,Tuesday,1,118.31,6.35,677.8000000000001,0.0528,86.2643,112.16,115.0214
2025-03-04 00:07:01.989977,Campaign_2,7481,512,67,12082.08,3480.93,0.0685,6.79,51.88,180.06,3,March,10,Tuesday,1,247.09,13.09,8601.15,0.0554,59.44,150.38,265.28
2025-03-04 00:07:01.989977,Campaign_3,7950,160,18,1424.54,1020.59,0.0202,6.35,56.7,79.14,3,March,10,Tuesday,1,39.58,11.25,403.94999999999993,0.0536,61.28,110.2286,116.69
2025-03-04 00:07:01.989977,Campaign_4,11924,807,111,11258.18,2984.01,0.0677,3.7,26.69,100.7,3,March,10,Tuesday,1,277.28,13.75,8274.17,0.0604,67.2057,112.1571,152.32
2025-03-04 00:07:01.989977,Campaign_5,9686,529,28,3355.51,3071.21,0.0546,5.8,109.69,119.84,3,March,10,Tuesday,1,9.26,5.29,284.3000000000002,0.054,104.9329,119.1971,53.0614
2025-03-05 00:07:01.989977,Campaign_1,2148,151,20,1750.75,248.17,0.0703,1.64,12.41,87.54,3,March,10,Wednesday,1,605.46,13.25,1502.58,0.0573,71.0329,112.6386,205.6971
2025-03-05 00:07:01.989977,Campaign_2,5339,221,13,1694.04,2178.46,0.0414,9.85,165.03,128.34,3,March,10,Wednesday,1,-22.24,5.88,-484.4200000000001,0.0559,66.0614,150.1271,260.7271
2025-03-05 00:07:01.989977,Campaign_3,4861,378,36,6346.92,864.09,0.0778,2.29,24.0,176.3,3,March,10,Wednesday,1,634.52,9.52,5482.83,0.0538,55.6529,117.1543,192.8186
2025-03-05 00:07:01.989977,Campaign_4,6684,413,26,1817.71,3260.85,0.0618,7.89,125.42,69.91,3,March,10,Wednesday,1,-44.26,6.3,-1443.1399999999999,0.0658,54.4871,109.7114,154.4857
2025-03-05 00:07:01.989977,Campaign_5,3770,84,7,805.2,1499.1,0.0223,17.85,214.16,115.03,3,March,10,Wednesday,1,-46.29,8.33,-693.8999999999999,0.0517,118.7214,127.6971,53.9914
2025-03-06 00:07:01.989977,Campaign_1,9932,308,17,1942.2,3728.47,0.031,12.11,219.32,114.25,3,March,10,Thursday,1,-47.91,5.52,-1786.2699999999998,0.0554,80.0629,114.4229,203.8257
2025-03-06 00:07:01.989977,Campaign_2,2930,88,5,481.45,936.82,0.03,10.65,170.33,87.54,3,March,10,Thursday,1,-48.61,5.68,-455.37000000000006,0.0528,80.3643,143.6429,241.0214
2025-03-06 00:07:01.989977,Campaign_3,1870,57,7,1049.33,573.73,0.0308,9.96,79.69,145.74,3,March,10,Thursday,1,82.9,12.28,475.5999999999999,0.0489,59.4557,115.2271,176.0843
2025-03-06 00:07:01.989977,Campaign_4,2054,115,10,906.46,497.87,0.0563,4.3,47.87,87.16,3,March,10,Thursday,1,82.07,8.7,408.59000000000003,0.0626,52.6043,97.5257,140.14
2025-03-06 00:07:01.989977,Campaign_5,11554,240,14,796.61,1343.66,0.0208,5.58,95.98,56.9,3,March,10,Thursday,1,-40.71,5.83,-547.0500000000001,0.0503,97.4371,116.0214,54.3771
2025-03-07 00:07:01.989977,Campaign_1,7617,377,36,2735.29,2083.56,0.0495,5.53,57.88,75.98,3,March,10,Friday,1,31.28,9.55,651.73,0.0535,85.8843,110.6629,137.2643
2025-03-07 00:07:01.989977,Campaign_2,7569,430,48,2748.91,1891.1,0.0568,4.4,39.07,56.8,3,March,10,Friday,1,45.36,11.16,857.81,0.0521,81.8229,124.5414,167.47
2025-03-07 00:07:01.989977,Campaign_3,9486,720,72,9425.28,3543.83,0.0759,4.92,49.22,130.91,3,March,10,Friday,1,165.96,10.0,5881.450000000001,0.0506,54.42,115.1829,191.8886
2025-03-07 00:07:01.989977,Campaign_4,4990,382,54,9832.36,1769.51,0.0766,4.63,32.41,180.08,3,March,10,Friday,1,455.65,14.14,8062.85,0.0651,50.9871,104.2114,175.9786
2025-03-07 00:07:01.989977,Campaign_5,2591,140,11,1640.72,734.15,0.054,5.24,65.55,146.49,3,March,10,Friday,1,123.49,7.86,906.57,0.0466,101.1629,117.8429,37.8943
2025-03-08 00:07:01.989977,Campaign_1,4485,296,31,5018.86,1347.9,0.0661,4.54,42.25,157.33,3,March,10,Saturday,1,272.35,10.47,3670.9599999999996,0.0574,73.9143,112.5029,174.0843
2025-03-08 00:07:01.989977,Campaign_2,2727,82,3,214.89,243.82,0.0302,2.97,67.17,59.2,3,March,10,Saturday,1,-11.87,3.66,-28.930000000000007,0.0504,81.2071,109.9286,147.7857
2025-03-08 00:07:01.989977,Campaign_3,14320,836,44,3992.13,5226.5,0.0584,6.25,116.45,88.95,3,March,10,Saturday,1,-23.62,5.26,-1234.37,0.0488,68.8029,121.2171,160.4843
2025-03-08 00:07:01.989977,Campaign_4,2210,74,5,800.45,440.88,0.0338,5.9,77.08,139.94,3,March,10,Saturday,1,81.56,6.76,359.57000000000005,0.0592,55.0057,111.76,176.4986
2025-03-08 00:07:01.989977,Campaign_5,2372,49,3,546.38,630.97,0.021,12.64,204.86,177.4,3,March,10,Saturday,1,-13.41,6.12,-84.59000000000003,0.0451,122.0757,132.07,31.2529
2025-03-09 00:07:01.989977,Campaign_1,8385,522,64,11715.97,1852.15,0.0623,3.55,28.54,180.52,3,March,10,Sunday,1,532.56,12.26,9863.82,0.0606,72.4314,117.7543,211.6857
2025-03-09 00:07:01.989977,Campaign_2,8016,268,26,4357.63,2169.41,0.0335,8.09,81.5,163.7,3,March,10,Sunday,1,100.87,9.7,2188.2200000000003,0.0483,85.0314,121.9414,155.7014
2025-03-09 00:07:01.989977,Campaign_3,6393,371,43,3395.12,1337.82,0.0581,3.6,30.71,77.94,3,March,10,Sunday,1,153.78,11.59,2057.3,0.0504,68.58,117.3957,150.3871
2025-03-09 00:07:01.989977,Campaign_4,15267,1018,78,13179.49,3253.05,0.0667,3.2,41.36,167.57,3,March,10,Sunday,1,305.14,7.66,9926.439999999999,0.0619,52.7229,115.1314,198.51
2025-03-09 00:07:01.989977,Campaign_5,2343,173,21,2023.42,942.75,0.0742,5.42,43.73,93.85,3,March,10,Sunday,1,114.63,12.14,1080.67,0.0466,117.7729,119.6086,26.8886
2025-03-10 00:07:01.989977,Campaign_1,3782,291,31,4488.04,1056.61,0.0769,3.63,34.08,144.78,3,March,11,Monday,1,324.76,10.65,3431.4300000000003,0.061,66.5843,130.9629,262.4014
2025-03-10 00:07:01.989977,Campaign_2,9092,510,52,4324.8,4350.61,0.0561,8.52,82.4,81.91,3,March,11,Monday,1,-0.59,10.2,-25.80999999999949,0.0452,93.9114,108.2214,44.2871
2025-03-10 00:07:01.989977,Campaign_3,2600,175,9,1191.97,319.91,0.0674,1.83,33.32,124.16,3,March,11,Monday,1,272.6,5.14,872.06,0.0555,55.7271,117.5914,189.3886
2025-03-10 00:07:01.989977,Campaign_4,7447,345,46,4803.42,1093.52,0.0464,3.16,23.37,102.64,3,March,11,Monday,1,339.26,13.33,3709.9,0.0585,53.4571,121.1429,213.8143
2025-03-10 00:07:01.989977,Campaign_5,10823,662,88,15878.67,4712.43,0.0612,7.12,53.43,180.03,3,March,11,Monday,1,236.95,13.29,11166.24,0.044,112.4857,127.0771,54.8457
2025-03-11 00:07:01.989977,Campaign_1,6293,390,22,3812.14,2407.05,0.062,6.17,109.41,173.28,3,March,11,Tuesday,1,58.37,5.64,1405.0899999999997,0.0597,71.9843,133.3829,253.8386
2025-03-11 00:07:01.989977,Campaign_2,2794,141,9,1358.24,1244.04,0.0508,8.77,125.66,137.2,3,March,11,Tuesday,1,9.18,6.38,114.20000000000005,0.0427,104.4514,102.0986,10.3
2025-03-11 00:07:01.989977,Campaign_3,2838,194,27,5462.04,1139.03,0.0685,5.86,41.27,197.9,3,March,11,Tuesday,1,379.53,13.92,4323.01,0.0624,53.5229,134.5571,237.9529
2025-03-11 00:07:01.989977,Campaign_4,5383,335,32,3467.69,2056.6,0.0623,6.13,63.28,106.7,3,March,11,Tuesday,1,68.61,9.55,1411.0900000000001,0.0577,58.6843,122.0,184.0043
2025-03-11 00:07:01.989977,Campaign_5,13867,1030,61,7631.86,1449.68,0.0743,1.41,23.53,123.89,3,March,11,Tuesday,1,426.45,5.92,6182.179999999999,0.0468,100.1771,127.6557,114.4443
2025-03-12 00:07:01.989977,Campaign_1,4709,110,6,405.77,1693.75,0.0234,15.4,282.29,67.63,3,March,11,Wednesday,1,-76.04,5.45,-1287.98,0.053,110.5386,130.5386,156.4814
2025-03-12 00:07:01.989977,Campaign_2,4479,271,19,2178.66,1303.83,0.0607,4.8,65.85,110.03,3,March,11,Wednesday,1,67.1,7.01,874.8299999999999,0.0454,90.2829,99.4829,23.0629
2025-03-12 00:07:01.989977,Campaign_3,10291,741,52,10268.72,1079.15,0.0721,1.46,20.44,194.48,3,March,11,Wednesday,1,851.56,7.02,9189.57,0.0616,53.0143,137.1543,268.9586
2025-03-12 00:07:01.989977,Campaign_4,9510,214,28,3693.84,4728.64,0.0226,22.04,165.34,129.16,3,March,11,Wednesday,1,-21.88,13.08,-1034.8000000000002,0.0521,64.3871,130.4643,187.2014
2025-03-12 00:07:01.989977,Campaign_5,8887,312,36,2231.87,1479.6,0.0351,4.74,40.65,61.32,3,March,11,Wednesday,1,50.84,11.54,752.27,0.0487,75.39,119.9829,128.32
2025-03-13 00:07:01.989977,Campaign_1,4376,270,25,3603.34,1460.38,0.0617,5.41,58.42,144.13,3,March,11,Thursday,1,146.74,9.26,2142.96,0.0574,87.5529,134.8071,184.2886
2025-03-13 00:07:01.989977,Campaign_2,4073,260,36,7035.13,501.61,0.064,1.92,13.82,193.81,3,March,11,Thursday,1,1302.51,13.85,6533.52,0.0503,67.9243,114.6643,216.08
2025-03-13 00:07:01.989977,Campaign_3,11458,542,60,5496.43,2008.14,0.0473,3.7,33.47,91.61,3,March,11,Thursday,1,173.71,11.07,3488.29,0.064,46.4114,129.4214,281.9314
2025-03-13 00:07:01.989977,Campaign_4,6134,252,27,1683.32,3004.52,0.0411,11.91,110.06,61.66,3,March,11,Thursday,1,-43.97,10.71,-1321.2,0.0499,73.2714,126.8214,169.1957
2025-03-13 00:07:01.989977,Campaign_5,6685,315,15,1416.25,1768.07,0.0471,5.61,114.81,91.96,3,March,11,Thursday,1,-19.9,4.76,-351.81999999999994,0.0524,78.08,124.9914,131.2929
2025-03-14 00:07:01.989977,Campaign_1,3779,137,8,491.44,1799.61,0.0363,13.14,224.95,61.43,3,March,11,Friday,1,-72.69,5.84,-1308.1699999999998,0.0555,111.42,132.7286,169.4357
2025-03-14 00:07:01.989977,Campaign_2,8828,559,61,6944.57,4176.73,0.0634,7.46,67.8,112.74,3,March,11,Friday,1,66.27,10.91,2767.84,0.0512,72.0286,122.6557,219.0671
2025-03-14 00:07:01.989977,Campaign_3,10090,535,34,3886.75,4147.73,0.053,7.75,119.19,111.69,3,March,11,Friday,1,-6.29,6.36,-260.97999999999956,0.0607,56.4071,126.6757,257.3243
2025-03-14 00:07:01.989977,Campaign_4,4150,328,20,2893.69,1047.51,0.0792,3.18,50.36,139.12,3,March,11,Friday,1,176.24,6.1,1846.18,0.0503,75.8357,120.97,129.28
2025-03-14 00:07:01.989977,Campaign_5,6895,480,50,3000.15,791.05,0.0696,1.65,15.7,59.53,3,March,11,Friday,1,279.26,10.42,2209.1000000000004,0.0546,70.9586,112.5686,153.5457
2025-03-15 00:07:01.989977,Campaign_1,11642,405,20,3414.46,4124.91,0.0349,10.16,197.36,163.37,3,March,11,Saturday,1,-17.22,4.94,-710.4499999999998,0.0511,133.5786,133.5914,128.0686
2025-03-15 00:07:01.989977,Campaign_2,9225,660,67,9789.36,3096.94,0.0716,4.69,45.7,144.47,3,March,11,Saturday,1,216.1,10.15,6692.42,0.0572,68.9614,134.8371,251.6343
2025-03-15 00:07:01.989977,Campaign_3,7456,248,22,1415.23,2992.6,0.0333,12.05,133.36,63.07,3,March,11,Saturday,1,-52.71,8.87,-1577.37,0.0571,58.8229,122.9786,253.1686
2025-03-15 00:07:01.989977,Campaign_4,2676,82,10,1488.3,264.93,0.0307,3.22,26.47,148.68,3,March,11,Saturday,1,461.77,12.2,1223.37,0.0499,68.6057,122.2186,183.5957
2025-03-15 00:07:01.989977,Campaign_5,13841,281,26,2890.07,4989.28,0.0204,17.71,190.58,110.39,3,March,11,Saturday,1,-42.07,9.25,-2099.2099999999996,0.0546,68.9186,102.9957,149.4514
2025-03-16 00:07:01.989977,Campaign_1,6435,424,59,3416.11,2234.91,0.0659,5.27,37.62,57.51,3,March,11,Sunday,1,52.85,13.92,1181.2000000000003,0.0516,134.8757,116.0186,59.5386
2025-03-16 00:07:01.989977,Campaign_2,9958,266,13,1975.57,2888.87,0.0268,10.82,217.05,148.43,3,March,11,Sunday,1,-31.61,4.89,-913.3,0.0562,88.3257,132.6557,232.7086
2025-03-16 00:07:01.989977,Campaign_3,8169,534,71,9239.8,3350.6,0.0654,6.27,47.01,129.63,3,March,11,Sunday,1,175.77,13.3,5889.199999999999,0.0581,61.1514,130.3629,256.31
2025-03-16 00:07:01.989977,Campaign_4,11295,629,62,3640.8,3676.45,0.0557,5.84,58.43,57.86,3,March,11,Sunday,1,-0.97,9.86,-35.649999999999636,0.0483,71.0443,106.5457,139.8657
2025-03-16 00:07:01.989977,Campaign_5,8838,397,52,4507.43,2279.16,0.045,5.73,43.53,86.09,3,March,11,Sunday,1,97.77,13.1,2228.2700000000004,0.0504,68.89,101.8871,147.0429
2025-03-17 00:07:01.989977,Campaign_1,3180,215,20,3526.27,1296.06,0.0676,6.03,64.8,176.31,3,March,12,Monday,1,172.08,9.3,2230.21,0.0503,139.2643,120.5229,37.7271
2025-03-17 00:07:01.989977,Campaign_2,7668,364,52,6541.54,1775.17,0.0475,4.88,33.62,123.89,3,March,12,Monday,1,268.5,14.29,4766.37,0.055,81.3571,138.6529,271.15
2025-03-17 00:07:01.989977,Campaign_3,5781,315,26,3447.56,1642.25,0.0546,5.2,62.21,130.59,3,March,12,Monday,1,109.93,8.25,1805.31,0.0563,65.2786,131.2814,233.0714
2025-03-17 00:07:01.989977,Campaign_4,9409,413,49,3804.3,3562.4,0.0439,8.62,72.11,77.01,3,March,12,Monday,1,6.79,11.86,241.9000000000001,0.0479,78.0071,102.8843,92.37
2025-03-17 00:07:01.989977,Campaign_5,13260,978,95,14292.72,2240.12,0.0738,2.29,23.53,150.13,3,March,12,Monday,1,538.03,9.71,12052.599999999999,0.0522,64.6186,97.6157,190.0543
2025-03-18 00:07:01.989977,Campaign_1,7777,259,34,3459.92,1859.07,0.0333,7.18,54.68,101.76,3,March,12,Tuesday,1,86.11,13.13,1600.8500000000001,0.0462,131.4457,110.3057,41.69
2025-03-18 00:07:01.989977,Campaign_2,8444,213,13,1572.34,1541.44,0.0253,7.22,116.78,119.12,3,March,12,Tuesday,1,2.0,6.1,30.899999999999864,0.0513,80.0886,136.07,270.1243
2025-03-18 00:07:01.989977,Campaign_3,4311,118,9,943.08,590.33,0.0276,4.97,61.49,98.24,3,March,12,Tuesday,1,59.75,7.63,352.75,0.0505,68.1671,117.0443,187.3886
2025-03-18 00:07:01.989977,Campaign_4,9347,538,31,5648.35,4377.66,0.0576,8.13,140.31,181.04,3,March,12,Tuesday,1,29.03,5.76,1270.6900000000005,0.0473,89.0114,113.5043,86.7157
2025-03-18 00:07:01.989977,Campaign_5,6501,130,16,1052.98,2203.47,0.02,16.92,131.16,62.68,3,March,12,Tuesday,1,-52.21,12.31,-1150.4899999999998,0.0444,79.9943,88.8714,121.6743
2025-03-19 00:07:01.989977,Campaign_1,6811,221,19,2330.89,2365.47,0.0324,10.7,124.5,122.68,3,March,12,Wednesday,1,-1.46,8.6,-34.57999999999993,0.0474,108.9043,118.17,52.3443
2025-03-19 00:07:01.989977,Campaign_2,10065,521,62,3721.32,1601.3,0.0518,3.07,25.54,59.35,3,March,12,Wednesday,1,132.39,11.9,2120.0200000000004,0.0501,74.33,128.83,279.4514
2025-03-19 00:07:01.989977,Campaign_3,7351,450,60,9746.55,824.72,0.0612,1.83,13.75,162.44,3,March,12,Wednesday,1,1081.8,13.33,8921.83,0.0489,67.2114,112.4671,220.28
2025-03-19 00:07:01.989977,Campaign_4,5648,263,26,2245.63,1173.18,0.0467,4.45,45.12,86.37,3,March,12,Wednesday,1,91.41,9.89,1072.45,0.0507,71.8371,107.3914,102.9
2025-03-19 00:07:01.989977,Campaign_5,13867,746,99,6300.04,4356.1,0.0538,5.84,43.82,63.38,3,March,12,Wednesday,1,44.63,13.27,1943.9399999999996,0.0471,80.4471,89.1657,120.7871
2025-03-20 00:07:01.989977,Campaign_1,5632,413,45,6833.94,2341.04,0.0733,5.67,52.02,151.87,3,March,12,Thursday,1,191.92,10.9,4492.9,0.0491,107.99,119.2757,58.7986
2025-03-20 00:07:01.989977,Campaign_2,8108,422,45,7297.9,2210.79,0.0521,5.23,49.02,161.82,3,March,12,Thursday,1,230.1,10.66,5087.11,0.0484,79.3586,124.26,126.25
2025-03-20 00:07:01.989977,Campaign_3,9285,396,32,5992.29,3185.17,0.0426,8.04,98.31,184.95,3,March,12,Thursday,1,88.13,8.08,2807.12,0.0482,76.4743,125.8014,208.0543
2025-03-20 00:07:01.989977,Campaign_4,2438,96,13,664.69,463.7,0.0394,4.82,35.67,51.13,3,March,12,Thursday,1,43.34,13.54,200.99000000000007,0.0505,61.21,105.8871,115.3729
2025-03-20 00:07:01.989977,Campaign_5,3646,125,7,545.9,780.6,0.0345,6.2,111.51,77.99,3,March,12,Thursday,1,-30.07,5.6,-234.70000000000005,0.0453,79.9757,87.17,119.3343
2025-03-21 00:07:01.989977,Campaign_1,4735,349,20,2573.53,1250.79,0.0737,3.58,62.54,128.68,3,March,12,Friday,1,105.75,5.73,1322.7400000000002,0.0544,84.7886,128.8829,84.29
2025-03-21 00:07:01.989977,Campaign_2,6976,514,55,10318.51,712.41,0.0738,1.38,12.95,187.61,3,March,12,Friday,1,1348.39,10.7,9606.1,0.0498,71.5229,134.9557,309.41
2025-03-21 00:07:01.989977,Campaign_3,1340,46,2,360.71,632.33,0.0349,13.51,263.47,150.3,3,March,12,Friday,1,-42.96,4.35,-271.62000000000006,0.0457,97.0857,131.3171,202.8157
2025-03-21 00:07:01.989977,Campaign_4,2399,124,11,2056.71,436.84,0.052,3.5,37.34,175.79,3,March,12,Friday,1,370.82,8.87,1619.8700000000001,0.0466,59.35,111.1257,143.17
2025-03-21 00:07:01.989977,Campaign_5,13881,700,51,3482.28,4778.51,0.0504,6.83,92.25,67.23,3,March,12,Friday,1,-27.13,7.29,-1296.23,0.0426,90.9114,88.27,75.5643
2025-03-22 00:07:01.989977,Campaign_1,3393,163,22,1961.93,954.6,0.0481,5.85,43.39,89.18,3,March,12,Saturday,1,105.52,13.5,1007.33,0.0563,62.7929,118.2843,101.8243
2025-03-22 00:07:01.989977,Campaign_2,1331,67,6,441.43,414.91,0.0503,6.19,68.58,72.96,3,March,12,Saturday,1,6.39,8.96,26.519999999999982,0.0468,74.7914,124.74,279.4514
2025-03-22 00:07:01.989977,Campaign_3,3771,126,13,1968.41,1063.07,0.0337,8.37,80.54,149.12,3,March,12,Saturday,1,85.16,10.32,905.3400000000001,0.0457,89.54,143.61,222.5114
2025-03-22 00:07:01.989977,Campaign_4,7004,273,37,5901.24,2836.84,0.0391,10.37,76.3,158.72,3,March,12,Saturday,1,108.02,13.55,3064.3999999999996,0.0478,66.4686,112.56,92.6343
2025-03-22 00:07:01.989977,Campaign_5,4885,297,40,2809.53,515.41,0.061,1.73,12.87,70.17,3,March,12,Saturday,1,445.11,13.47,2294.1200000000003,0.0484,65.5243,82.5243,145.1614
2025-03-23 00:07:01.989977,Campaign_1,7698,466,24,3679.0,2766.0,0.0607,5.92,114.3,152.02,3,March,12,Sunday,1,33.01,5.15,913.0,0.0556,73.7471,131.7857,98.99
2025-03-23 00:07:01.989977,Campaign_2,9785,636,79,5659.95,1584.19,0.065,2.49,19.84,70.87,3,March,12,Sunday,1,257.28,12.42,4075.7599999999998,0.0523,46.6186,113.66,320.7214
2025-03-23 00:07:01.989977,Campaign_3,1550,75,5,871.58,332.12,0.0489,4.38,62.9,165.07,3,March,12,Sunday,1,162.43,6.67,539.46,0.0434,91.81,148.6729,220.6057
2025-03-23 00:07:01.989977,Campaign_4,12391,566,42,6323.51,3109.01,0.0457,5.49,72.47,147.4,3,March,12,Sunday,1,103.39,7.42,3214.5,0.0463,68.4743,125.3514,107.5429
2025-03-23 00:07:01.989977,Campaign_5,6236,246,20,2361.97,658.16,0.0395,2.67,32.88,117.98,3,March,12,Sunday,1,258.87,8.13,1703.81,0.0476,64.0029,87.08,168.1757
2025-03-24 00:07:01.989977,Campaign_1,5018,263,24,2398.14,1968.16,0.0524,7.48,82.01,99.92,3,March,13,Monday,1,21.85,9.13,429.9799999999998,0.0534,76.2057,120.8729,77.5286
2025-03-24 00:07:01.989977,Campaign_2,7223,216,29,3692.11,2864.81,0.03,13.22,96.46,124.31,3,March,13,Monday,1,28.88,13.43,827.3000000000002,0.0498,55.5957,113.72,286.49
2025-03-24 00:07:01.989977,Campaign_3,2306,154,9,928.88,459.89,0.0671,2.97,47.9,96.76,3,March,13,Monday,1,101.98,5.84,468.99,0.0451,89.7657,143.84,219.47
2025-03-24 00:07:01.989977,Campaign_4,2535,71,3,612.73,754.4,0.0282,10.55,193.44,157.11,3,March,13,Monday,1,-18.78,4.23,-141.66999999999996,0.0441,85.8071,136.7943,103.89
2025-03-24 00:07:01.989977,Campaign_5,4010,162,21,1398.49,1759.15,0.0405,10.83,83.77,66.59,3,March,13,Monday,1,-20.5,12.96,-360.6600000000001,0.0428,72.6086,75.1457,88.3857
2025-03-25 00:07:01.989977,Campaign_1,7359,413,41,5370.14,2167.54,0.0561,5.25,52.87,130.98,3,March,13,Tuesday,1,147.75,9.93,3202.6000000000004,0.0567,75.9471,125.0471,86.3343
2025-03-25 00:07:01.989977,Campaign_2,3708,234,27,4019.73,1400.1,0.0632,5.98,50.91,146.17,3,March,13,Tuesday,1,187.1,11.54,2619.63,0.0552,46.1857,117.5843,312.9329
2025-03-25 00:07:01.989977,Campaign_3,2151,74,6,463.44,997.01,0.0346,13.4,166.17,77.24,3,March,13,Tuesday,1,-53.52,8.11,-533.5699999999999,0.0461,104.72,140.84,203.2886
2025-03-25 00:07:01.989977,Campaign_4,9315,443,63,4650.27,3116.06,0.0476,7.03,48.92,73.0,3,March,13,Tuesday,1,49.24,14.22,1534.2100000000005,0.0427,72.7514,121.36,106.7771
2025-03-25 00:07:01.989977,Campaign_5,2777,98,11,1556.18,391.32,0.0353,3.99,34.94,138.94,3,March,13,Tuesday,1,297.67,11.22,1164.8600000000001,0.045,58.8629,86.04,138.3686
2025-03-26 00:07:01.989977,Campaign_1,4876,304,19,2592.42,1670.94,0.0623,5.5,87.94,136.44,3,March,13,Wednesday,1,55.15,6.25,921.48,0.0609,70.7243,127.0129,94.4214
2025-03-26 00:07:01.989977,Campaign_2,6719,165,9,1743.05,3119.88,0.0246,18.91,315.14,176.07,3,March,13,Wednesday,1,-44.13,5.45,-1376.8300000000002,0.0513,87.5571,134.2586,287.7157
2025-03-26 00:07:01.989977,Campaign_3,3350,88,12,2110.02,502.11,0.0265,5.65,41.84,175.83,3,March,13,Wednesday,1,320.23,13.64,1607.9099999999999,0.0412,108.7329,142.7529,94.4929
2025-03-26 00:07:01.989977,Campaign_4,5033,200,15,1312.11,1727.32,0.0398,8.63,110.73,84.11,3,March,13,Wednesday,1,-24.04,7.5,-415.21000000000004,0.0417,82.1243,121.0371,90.2843
2025-03-26 00:07:01.989977,Campaign_5,11356,733,50,8475.69,3878.22,0.0646,5.29,76.95,168.17,3,March,13,Wednesday,1,118.55,6.82,4597.470000000001,0.0465,63.5957,101.01,148.9286
2025-03-27 00:07:01.989977,Campaign_1,8970,393,40,7519.13,2139.69,0.0438,5.44,53.49,187.98,3,March,13,Thursday,1,251.41,10.18,5379.4400000000005,0.0567,70.9343,132.1714,102.92
2025-03-27 00:07:01.989977,Campaign_2,10632,683,64,5431.53,2987.5,0.0642,4.37,46.03,83.69,3,March,13,Thursday,1,81.81,9.37,2444.0299999999997,0.053,87.13,123.0971,266.5314
2025-03-27 00:07:01.989977,Campaign_3,2646,80,7,812.44,1232.87,0.0304,15.33,171.23,112.84,3,March,13,Thursday,1,-34.1,8.75,-420.42999999999984,0.0394,119.15,132.4514,77.0314
2025-03-27 00:07:01.989977,Campaign_4,9516,635,49,4100.92,1761.15,0.0668,2.77,35.65,83.01,3,March,13,Thursday,1,132.85,7.72,2339.77,0.0456,82.1214,125.5914,103.0714
2025-03-27 00:07:01.989977,Campaign_5,2752,215,19,2618.48,1222.76,0.0783,5.67,62.39,133.6,3,March,13,Thursday,1,114.15,8.84,1395.72,0.0528,56.5786,108.9543,169.5314
2025-03-28 00:07:01.989977,Campaign_1,6182,493,49,6826.08,784.07,0.0797,1.59,16.0,139.31,3,March,13,Friday,1,770.6,9.94,6042.01,0.0576,64.2857,133.69,197.8986
2025-03-28 00:07:01.989977,Campaign_2,3830,124,16,1332.72,675.17,0.0325,5.43,40.92,80.77,3,March,13,Friday,1,97.39,12.9,657.5500000000001,0.0471,91.1257,107.8343,87.8171
2025-03-28 00:07:01.989977,Campaign_3,6628,282,37,5137.99,1442.55,0.0425,5.12,38.78,138.12,3,March,13,Friday,1,256.17,13.12,3695.4399999999996,0.0405,87.0514,130.7114,119.7643
2025-03-28 00:07:01.989977,Campaign_4,8437,397,40,4679.41,2196.2,0.0471,5.52,54.5,116.11,3,March,13,Friday,1,113.07,10.08,2483.21,0.0449,84.5729,117.0657,66.25
2025-03-28 00:07:01.989977,Campaign_5,9515,627,37,3785.84,1238.97,0.0659,1.98,32.78,100.15,3,March,13,Friday,1,205.56,5.9,2546.87,0.055,48.0829,113.6571,202.7729
2025-03-29 00:07:01.989977,Campaign_1,7047,243,26,2671.44,646.94,0.0346,2.65,24.51,101.19,3,March,13,Saturday,1,312.93,10.7,2024.5,0.0557,61.5886,135.4057,227.5286
2025-03-29 00:07:01.989977,Campaign_2,11408,769,100,10152.35,3048.89,0.0674,3.96,30.36,101.09,3,March,13,Saturday,1,232.99,13.0,7103.460000000001,0.0496,85.6657,111.8529,120.1886
2025-03-29 00:07:01.989977,Campaign_3,10013,324,35,1715.79,1181.99,0.0324,3.64,33.16,48.14,3,March,13,Saturday,1,45.16,10.8,533.8,0.0403,80.2829,116.2857,114.05
2025-03-29 00:07:01.989977,Campaign_4,6723,348,45,5553.94,2175.79,0.0518,6.25,47.55,121.37,3,March,13,Saturday,1,155.26,12.93,3378.1499999999996,0.0467,80.4657,111.73,72.9986
2025-03-29 00:07:01.989977,Campaign_5,15069,499,56,9238.76,5426.16,0.0331,10.87,95.23,162.14,3,March,13,Saturday,1,70.26,11.22,3812.6000000000004,0.051,59.8486,126.7957,149.2229
2025-03-30 00:07:01.989977,Campaign_1,6656,488,29,2995.89,1273.57,0.0734,2.61,42.88,100.87,3,March,13,Sunday,1,135.24,5.94,1722.32,0.0575,51.3857,128.0986,242.1329
2025-03-30 00:07:01.989977,Campaign_2,9438,523,61,9942.0,1172.76,0.0555,2.24,19.0,161.11,3,March,13,Sunday,1,747.74,11.66,8769.24,0.0482,85.5457,124.7443,190.2543
2025-03-30 00:07:01.989977,Campaign_3,3323,143,18,2899.96,655.64,0.0432,4.57,35.48,156.92,3,March,13,Sunday,1,342.31,12.59,2244.32,0.0395,76.3657,115.1214,139.7471
2025-03-30 00:07:01.989977,Campaign_4,9111,605,48,2436.93,3282.29,0.0664,5.42,67.51,50.12,3,March,13,Sunday,1,-25.76,7.93,-845.3600000000001,0.0497,79.7571,97.8329,54.5486
2025-03-30 00:07:01.989977,Campaign_5,3030,128,12,1292.69,550.04,0.0425,4.27,44.65,104.93,3,March,13,Sunday,1,135.02,9.38,742.6500000000001,0.0515,61.53,124.9314,131.53
2025-03-31 00:07:01.989977,Campaign_1,6619,519,66,4430.96,2159.85,0.0784,4.16,32.73,67.14,3,March,14,Monday,1,105.15,12.72,2271.11,0.0612,44.3457,123.4157,254.0329
2025-03-31 00:07:01.989977,Campaign_2,3416,250,31,3629.65,372.37,0.0734,1.48,11.67,113.78,3,March,14,Monday,1,874.74,12.4,3257.28,0.0544,73.4329,123.24,311.0914
2025-03-31 00:07:01.989977,Campaign_3,4287,276,32,3576.39,802.68,0.0644,2.91,24.77,110.38,3,March,14,Monday,1,345.56,11.59,2773.71,0.0391,73.0614,117.0671,174.5443
2025-03-31 00:07:01.989977,Campaign_4,2991,209,29,3852.72,504.55,0.07,2.41,16.87,128.85,3,March,14,Monday,1,663.6,13.88,3348.1699999999996,0.0556,54.5329,93.7957,152.0314
2025-03-31 00:07:01.989977,Campaign_5,13994,294,40,2747.1,4626.64,0.021,15.74,113.96,67.66,3,March,14,Monday,1,-40.62,13.61,-1879.5400000000004,0.0487,65.8429,125.0843,128.6557
2025-04-01 00:07:01.989977,Campaign_1,8184,362,36,5689.09,1167.3,0.0442,3.22,32.42,158.03,4,April,14,Tuesday,2,387.37,9.94,4521.79,0.0595,41.4243,127.28,288.2643
2025-04-01 00:07:01.989977,Campaign_2,1475,40,5,995.96,500.01,0.0276,12.29,90.91,181.08,4,April,14,Tuesday,2,99.19,12.5,495.95000000000005,0.0493,79.1471,128.2271,298.5329
2025-04-01 00:07:01.989977,Campaign_3,8563,424,44,7801.79,2241.44,0.0496,5.28,50.48,175.72,4,April,14,Tuesday,2,248.07,10.38,5560.35,0.0413,56.5343,131.1357,217.6286
2025-04-01 00:07:01.989977,Campaign_4,4785,215,18,3527.05,831.44,0.0451,3.85,45.68,193.79,4,April,14,Tuesday,2,324.21,8.37,2695.61,0.0553,54.07,111.0514,191.3129
2025-04-01 00:07:01.989977,Campaign_5,8103,454,33,3642.05,1746.06,0.0562,3.84,51.97,108.39,4,April,14,Tuesday,2,108.59,7.27,1895.9900000000002,0.0517,68.2757,120.72,101.6443
2025-04-02 00:07:01.989977,Campaign_1,8679,650,79,11183.3,4163.51,0.0749,6.41,52.7,141.56,4,April,14,Wednesday,2,168.6,12.15,7019.789999999999,0.0613,36.39,128.0114,304.4714
2025-04-02 00:07:01.989977,Campaign_2,5665,338,48,7738.47,1053.55,0.0598,3.11,21.77,159.89,4,April,14,Wednesday,2,634.51,14.2,6684.92,0.0543,37.2371,125.9157,395.4814
2025-04-02 00:07:01.989977,Campaign_3,10458,547,36,6344.26,4586.49,0.0523,8.38,127.4,176.23,4,April,14,Wednesday,2,38.32,6.58,1757.7700000000004,0.045,68.7571,131.1929,177.3557
2025-04-02 00:07:01.989977,Campaign_4,11276,629,52,8613.12,1608.43,0.0558,2.56,30.93,165.64,4,April,14,Wednesday,2,435.5,8.27,7004.6900000000005,0.0576,42.67,122.6986,256.9614
2025-04-02 00:07:01.989977,Campaign_5,4680,296,29,4505.85,1282.05,0.0634,4.32,43.61,153.26,4,April,14,Wednesday,2,251.46,9.8,3223.8,0.0515,63.5129,118.59,120.6314
2025-04-03 00:07:01.989977,Campaign_1,8970,620,80,12336.36,1873.46,0.0691,3.02,23.42,154.2,4,April,14,Thursday,2,558.48,12.9,10462.900000000001,0.0649,32.0943,123.1857,348.3386
2025-04-03 00:07:01.989977,Campaign_2,8809,229,18,3199.84,4271.39,0.0261,18.58,228.42,171.11,4,April,14,Thursday,2,-25.09,7.86,-1071.5500000000002,0.0489,63.2929,138.4043,380.21
2025-04-03 00:07:01.989977,Campaign_3,7363,566,52,4106.25,2332.37,0.0769,4.12,44.17,77.77,4,April,14,Thursday,2,76.05,9.19,1773.88,0.0516,50.6057,126.1829,193.0914
2025-04-03 00:07:01.989977,Campaign_4,12229,800,91,14910.84,4764.96,0.0655,5.95,52.36,163.86,4,April,14,Thursday,2,212.93,11.38,10145.880000000001,0.0574,45.0571,134.2486,268.4014
2025-04-03 00:07:01.989977,Campaign_5,11366,806,60,7429.51,2142.42,0.0709,2.66,35.59,123.41,4,April,14,Thursday,2,246.78,7.44,5287.09,0.0504,59.6843,117.1343,139.5786
2025-04-04 00:07:01.989977,Campaign_1,4993,115,13,736.12,1674.18,0.023,14.56,128.78,56.62,4,April,14,Friday,2,-56.03,11.3,-938.0600000000001,0.0568,48.2057,111.3729,230.2486
2025-04-04 00:07:01.989977,Campaign_2,10551,324,34,6387.72,1198.39,0.0308,3.69,35.14,187.32,4,April,14,Friday,2,433.03,10.49,5189.33,0.0487,62.4671,153.6257,428.1586
2025-04-04 00:07:01.989977,Campaign_3,11784,752,51,3472.28,3166.42,0.0638,4.21,61.36,67.29,4,April,14,Friday,2,9.66,6.78,305.8600000000001,0.0547,53.8314,116.0643,157.8757
2025-04-04 00:07:01.989977,Campaign_4,3250,157,20,3674.99,739.83,0.0484,4.7,35.57,176.68,4,April,14,Friday,2,396.73,12.74,2935.16,0.0576,42.3529,142.9014,308.9243
2025-04-04 00:07:01.989977,Campaign_5,6385,373,42,4397.59,2070.6,0.0585,5.54,49.3,104.7,4,April,14,Friday,2,112.38,11.26,2326.9900000000002,0.0494,62.0443,117.7843,126.2671
2025-04-05 00:07:01.989977,Campaign_1,10776,254,28,2625.51,3501.36,0.0236,13.78,122.43,91.8,4,April,14,Saturday,2,-25.01,11.02,-875.8499999999999,0.0552,62.1943,110.0314,181.9714
2025-04-05 00:07:01.989977,Campaign_2,12183,454,44,6862.36,2309.82,0.0373,5.09,51.59,153.28,4,April,14,Saturday,2,197.1,9.69,4552.539999999999,0.0444,65.5,161.0814,423.0314
2025-04-05 00:07:01.989977,Campaign_3,13944,760,52,2575.69,5206.58,0.0545,6.85,98.61,48.78,4,April,14,Saturday,2,-50.53,6.84,-2630.89,0.0578,63.1814,116.1557,144.2057
2025-04-05 00:07:01.989977,Campaign_4,8339,578,55,9676.61,2915.53,0.0694,5.04,52.28,173.51,4,April,14,Saturday,2,231.9,9.52,6761.08,0.0601,43.0286,150.35,319.8729
2025-04-05 00:07:01.989977,Campaign_5,13786,270,13,797.35,1321.61,0.0196,4.89,95.35,57.53,4,April,14,Saturday,2,-39.67,4.81,-524.2599999999999,0.0474,62.0614,102.84,110.5629
2025-04-06 00:07:01.989977,Campaign_1,1525,105,14,2148.13,339.49,0.0694,3.21,23.74,150.22,4,April,14,Sunday,2,532.75,13.33,1808.64,0.0547,59.46,117.0814,238.7586
2025-04-06 00:07:01.989977,Campaign_2,5847,287,32,1499.91,1398.18,0.0491,4.87,42.8,45.91,4,April,14,Sunday,2,7.28,11.15,101.73000000000002,0.0434,68.9,144.6243,317.2514
2025-04-06 00:07:01.989977,Campaign_3,13776,491,36,2857.38,1341.34,0.0357,2.73,36.29,77.31,4,April,14,Sunday,2,113.02,7.33,1516.0400000000002,0.0567,63.2971,104.7829,111.45
2025-04-06 00:07:01.989977,Campaign_4,15437,1103,57,3453.85,3301.78,0.0715,2.99,57.72,60.38,4,April,14,Sunday,2,4.61,5.17,152.0699999999997,0.0608,41.63,151.8157,324.2114
2025-04-06 00:07:01.989977,Campaign_5,4751,304,16,1734.61,1788.16,0.064,5.88,105.56,102.4,4,April,14,Sunday,2,-2.99,5.26,-53.55000000000018,0.0505,70.7629,102.4786,90.8471
2025-04-07 00:07:01.989977,Campaign_1,9202,683,101,16311.8,1159.4,0.0742,1.7,11.48,161.5,4,April,15,Monday,2,1306.92,14.79,15152.4,0.0541,56.4243,130.5614,410.44
2025-04-07 00:07:01.989977,Campaign_2,9709,682,49,8642.52,1438.35,0.0702,2.11,29.06,174.6,4,April,15,Monday,2,500.86,7.18,7204.17,0.043,71.3843,153.3129,263.84
2025-04-07 00:07:01.989977,Campaign_3,9928,303,21,1684.06,4089.02,0.0306,13.47,189.31,77.97,4,April,15,Monday,2,-58.82,6.93,-2404.96,0.0519,86.8029,100.1529,53.6814
2025-04-07 00:07:01.989977,Campaign_4,6298,427,48,3965.78,1935.56,0.0679,4.53,40.24,82.45,4,April,15,Monday,2,104.89,11.24,2030.2200000000003,0.0605,44.9686,145.1871,244.3957
2025-04-07 00:07:01.989977,Campaign_5,4078,210,15,1960.22,1209.08,0.0515,5.76,78.51,127.29,4,April,15,Monday,2,62.12,7.14,751.1400000000001,0.0549,65.6986,110.9971,105.5243
2025-04-08 00:07:01.989977,Campaign_1,8312,242,31,2593.65,1575.35,0.0291,6.51,50.82,83.67,4,April,15,Tuesday,2,64.64,12.81,1018.3000000000002,0.0519,59.0529,119.9386,364.3357
2025-04-08 00:07:01.989977,Campaign_2,6242,342,19,3596.06,1287.45,0.0548,3.76,65.02,181.62,4,April,15,Tuesday,2,179.32,5.56,2308.6099999999997,0.0469,67.6857,153.39,275.2871
2025-04-08 00:07:01.989977,Campaign_3,2661,205,27,4731.4,963.76,0.0771,4.7,34.92,171.43,4,April,15,Tuesday,2,390.93,13.17,3767.6399999999994,0.0558,84.58,99.54,74.09
2025-04-08 00:07:01.989977,Campaign_4,2540,93,6,329.96,960.92,0.0368,10.27,147.83,50.76,4,April,15,Tuesday,2,-65.66,6.45,-630.96,0.0593,59.5614,124.7543,188.7
2025-04-08 00:07:01.989977,Campaign_5,8813,438,25,2092.29,3289.92,0.0497,7.51,130.55,83.03,4,April,15,Tuesday,2,-36.4,5.71,-1197.63,0.0539,76.9243,107.3743,84.8114
2025-04-09 00:07:01.989977,Campaign_1,5036,400,22,4013.59,1543.19,0.0794,3.86,70.14,182.44,4,April,15,Wednesday,2,160.08,5.5,2470.4,0.0525,61.5443,125.7786,363.1186
2025-04-09 00:07:01.989977,Campaign_2,3478,240,19,3003.71,1134.91,0.0693,4.71,57.32,151.7,4,April,15,Wednesday,2,164.67,7.92,1868.8,0.0482,72.7643,152.22,208.1671
2025-04-09 00:07:01.989977,Campaign_3,2774,201,25,3748.95,1221.38,0.0727,6.06,48.47,148.77,4,April,15,Wednesday,2,206.94,12.44,2527.5699999999997,0.0588,73.3043,95.6171,98.1786
2025-04-09 00:07:01.989977,Campaign_4,3515,140,9,1724.57,500.33,0.0399,3.56,54.98,189.51,4,April,15,Wednesday,2,244.69,6.43,1224.24,0.0571,62.9971,128.1643,161.4414
2025-04-09 00:07:01.989977,Campaign_5,6633,431,28,5099.66,2976.56,0.065,6.9,106.31,182.13,4,April,15,Wednesday,2,71.33,6.5,2123.1,0.0542,85.8814,111.4986,59.0786
2025-04-10 00:07:01.989977,Campaign_1,6150,427,26,2606.96,2444.03,0.0694,5.72,94.0,100.27,4,April,15,Thursday,2,6.67,6.09,162.92999999999984,0.0526,71.6271,118.0743,284.2886
2025-04-10 00:07:01.989977,Campaign_2,5497,110,11,1798.45,1118.67,0.02,10.17,101.7,163.5,4,April,15,Thursday,2,60.77,10.0,679.78,0.0474,54.6614,151.1329,220.4329
2025-04-10 00:07:01.989977,Campaign_3,7611,189,15,2090.04,1113.86,0.0249,5.87,71.4,133.98,4,April,15,Thursday,2,87.64,7.94,976.1800000000001,0.0513,77.1943,103.6471,99.8343
2025-04-10 00:07:01.989977,Campaign_4,10411,603,62,10419.35,1486.71,0.0579,2.46,23.83,166.98,4,April,15,Thursday,2,600.83,10.28,8932.64,0.056,58.9214,128.61,216.8557
2025-04-10 00:07:01.989977,Campaign_5,8892,691,57,8316.87,4204.62,0.0778,6.08,73.25,144.89,4,April,15,Thursday,2,97.8,8.25,4112.250000000001,0.0552,91.2614,114.5671,37.7957
2025-04-11 00:07:01.989977,Campaign_1,6084,409,27,4471.96,2913.74,0.0672,7.12,107.92,165.63,4,April,15,Friday,2,53.48,6.6,1558.2200000000003,0.0589,68.6471,133.6471,299.9329
2025-04-11 00:07:01.989977,Campaign_2,2244,148,17,2130.24,276.39,0.0662,1.86,15.7,121.04,4,April,15,Friday,2,670.74,11.49,1853.85,0.0524,51.8843,141.6643,254.3914
2025-04-11 00:07:01.989977,Campaign_3,8823,637,93,18283.05,3528.21,0.0722,5.54,37.69,195.33,4,April,15,Friday,2,418.2,14.6,14754.84,0.0525,73.8129,121.9386,158.1971
2025-04-11 00:07:01.989977,Campaign_4,8249,458,40,2411.71,3535.91,0.0556,7.71,87.74,59.84,4,April,15,Friday,2,-31.79,8.73,-1124.1999999999998,0.057,66.3743,111.9186,155.6386
2025-04-11 00:07:01.989977,Campaign_5,6098,466,28,4987.68,1895.44,0.0764,4.07,67.69,178.13,4,April,15,Friday,2,163.14,6.01,3092.2400000000002,0.0577,93.8886,125.0571,45.0471
2025-04-12 00:07:01.989977,Campaign_1,4612,271,18,1060.07,1430.74,0.0588,5.27,76.51,56.69,4,April,15,Saturday,2,-25.91,6.64,-370.6700000000001,0.0639,62.0871,128.6314,299.8043
2025-04-12 00:07:01.989977,Campaign_2,5402,144,18,3209.01,506.6,0.0267,3.51,27.91,176.8,4,April,15,Saturday,2,533.44,12.5,2702.4100000000003,0.0509,48.5014,145.0243,302.44
2025-04-12 00:07:01.989977,Campaign_3,2862,209,17,2274.15,617.96,0.0733,2.95,36.01,132.53,4,April,15,Saturday,2,268.01,8.13,1656.19,0.0552,64.87,133.9029,203.7029
2025-04-12 00:07:01.989977,Campaign_4,10336,441,58,4503.49,1595.64,0.0427,3.62,27.22,76.81,4,April,15,Saturday,2,182.24,13.15,2907.8499999999995,0.0532,62.7943,98.1043,148.5443
2025-04-12 00:07:01.989977,Campaign_5,6814,384,30,5030.3,1642.67,0.0565,4.27,53.33,163.32,4,April,15,Saturday,2,206.23,7.81,3387.63,0.063,87.8857,140.17,80.1757
2025-04-13 00:07:01.989977,Campaign_1,3128,88,5,318.37,420.93,0.0283,4.75,76.53,57.89,4,April,15,Sunday,2,-24.37,5.68,-102.56,0.0581,69.6286,115.4414,220.2157
2025-04-13 00:07:01.989977,Campaign_2,2706,182,21,2849.87,343.88,0.0673,1.89,15.79,130.85,4,April,15,Sunday,2,728.74,11.54,2505.99,0.0535,44.6429,157.1586,405.5057
2025-04-13 00:07:01.989977,Campaign_3,14232,1018,142,10085.32,3378.42,0.0716,3.32,23.7,70.74,4,April,15,Sunday,2,198.52,13.95,6706.9,0.0603,63.0714,132.9643,215.9171
2025-04-13 00:07:01.989977,Campaign_4,4485,195,12,1447.75,469.74,0.0437,2.4,36.5,112.49,4,April,15,Sunday,2,208.2,6.15,978.01,0.0492,59.7629,105.5486,177.6286
2025-04-13 00:07:01.989977,Campaign_5,10263,388,40,4185.53,4222.77,0.0378,10.88,105.46,104.53,4,April,15,Sunday,2,-0.88,10.31,-37.24000000000069,0.0592,87.8714,140.4743,80.4771
2025-04-14 00:07:01.989977,Campaign_1,5167,247,29,3170.62,2531.21,0.0478,10.25,87.28,109.33,4,April,16,Monday,2,25.26,11.74,639.4099999999999,0.0543,80.4571,107.9886,37.1214
2025-04-14 00:07:01.989977,Campaign_2,10292,385,45,8073.73,4239.98,0.0374,11.01,94.01,179.02,4,April,16,Monday,2,90.42,11.69,3833.75,0.0488,53.9214,157.79,346.8714
2025-04-14 00:07:01.989977,Campaign_3,2133,103,6,517.84,1055.42,0.0484,10.23,175.9,86.31,4,April,16,Monday,2,-50.94,5.83,-537.58,0.0629,61.1557,134.1557,217.0429
2025-04-14 00:07:01.989977,Campaign_4,8828,185,18,1484.25,2104.73,0.0211,11.32,115.64,81.55,4,April,16,Monday,2,-29.48,9.73,-620.48,0.0425,70.5343,105.42,158.4329
2025-04-14 00:07:01.989977,Campaign_5,9865,753,42,5465.73,4469.34,0.0763,5.93,106.41,130.14,4,April,16,Monday,2,22.29,5.58,996.3899999999994,0.0628,91.8571,140.8814,74.7871
2025-04-15 00:07:01.989977,Campaign_1,2949,64,3,328.62,451.45,0.0217,7.05,150.48,109.54,4,April,16,Tuesday,2,-27.21,4.69,-122.82999999999998,0.0532,94.6943,111.6843,24.0
2025-04-15 00:07:01.989977,Campaign_2,8815,281,33,5716.13,1026.76,0.0319,3.65,31.11,173.22,4,April,16,Tuesday,2,456.72,11.74,4689.37,0.0455,49.0771,156.59,386.5
2025-04-15 00:07:01.989977,Campaign_3,11542,302,33,5240.64,1300.12,0.0262,4.3,38.69,155.97,4,April,16,Tuesday,2,303.09,10.93,3940.5200000000004,0.0556,61.6943,131.9471,204.4943
2025-04-15 00:07:01.989977,Campaign_4,10292,586,65,6163.65,4879.29,0.057,8.32,75.07,94.83,4,April,16,Tuesday,2,26.32,11.09,1284.3599999999997,0.0454,60.14,111.7157,171.5729
2025-04-15 00:07:01.989977,Campaign_5,6875,431,56,5651.38,2928.44,0.0627,6.79,52.29,100.92,4,April,16,Tuesday,2,92.98,12.99,2722.94,0.0646,80.6771,143.4371,93.27
2025-04-16 00:07:01.989977,Campaign_1,1458,107,11,1898.54,409.59,0.0734,3.83,37.24,172.59,4,April,16,Wednesday,2,363.52,10.28,1488.95,0.0524,89.9943,110.2771,53.0629
2025-04-16 00:07:01.989977,Campaign_2,1665,36,2,254.74,649.39,0.0218,17.89,295.18,115.79,4,April,16,Wednesday,2,-60.77,5.56,-394.65,0.0388,83.0571,151.46,354.2943
2025-04-16 00:07:01.989977,Campaign_3,9814,340,21,3904.58,1842.1,0.0347,5.41,85.28,180.77,4,April,16,Wednesday,2,111.96,6.18,2062.48,0.0502,66.9529,136.5186,190.9257
2025-04-16 00:07:01.989977,Campaign_4,6029,289,35,6345.2,1648.81,0.0481,5.69,46.97,180.77,4,April,16,Wednesday,2,284.84,12.11,4696.389999999999,0.0466,58.9957,110.4671,177.3086
2025-04-16 00:07:01.989977,Campaign_5,1828,53,1,207.19,425.88,0.0291,8.01,304.2,147.99,4,April,16,Wednesday,2,-51.35,1.89,-218.69,0.0595,108.9471,138.56,75.7443
2025-04-17 00:07:01.989977,Campaign_1,9503,745,85,6794.17,3535.98,0.0784,4.75,41.6,79.93,4,April,16,Thursday,2,92.14,11.41,3258.19,0.0537,82.5086,107.3714,65.2729
2025-04-17 00:07:01.989977,Campaign_2,7959,358,24,4260.84,1350.56,0.0451,3.77,55.81,176.07,4,April,16,Thursday,2,215.49,6.7,2910.28,0.0423,76.5014,153.2557,376.3971
2025-04-17 00:07:01.989977,Campaign_3,1389,62,8,1212.24,547.7,0.0449,8.78,65.2,144.31,4,April,16,Thursday,2,121.33,12.9,664.54,0.053,66.0671,137.9943,195.7386
2025-04-17 00:07:01.989977,Campaign_4,5788,457,24,4447.35,1918.85,0.079,4.19,77.69,180.05,4,April,16,Thursday,2,131.77,5.25,2528.5000000000005,0.0496,66.69,112.3343,110.3
2025-04-17 00:07:01.989977,Campaign_5,10588,229,19,2762.19,3590.35,0.0217,15.64,183.18,140.93,4,April,16,Thursday,2,-23.07,8.3,-828.1599999999999,0.0515,124.6514,137.9943,58.4771
2025-04-18 00:07:01.989977,Campaign_1,2394,88,7,753.04,685.46,0.0368,7.79,97.92,107.58,4,April,16,Friday,2,9.86,7.95,67.57999999999993,0.0493,81.08,99.0786,59.0414
2025-04-18 00:07:01.989977,Campaign_2,4353,148,18,2071.9,1483.52,0.0341,9.99,79.33,110.8,4,April,16,Friday,2,39.66,12.16,588.3800000000001,0.0378,85.5914,151.7929,286.2429
2025-04-18 00:07:01.989977,Campaign_3,1830,142,9,1710.31,543.35,0.078,3.8,56.6,178.16,4,April,16,Friday,2,214.77,6.34,1166.96,0.0539,68.7686,135.5414,166.6771
2025-04-18 00:07:01.989977,Campaign_4,4374,111,9,1264.33,1451.31,0.0256,12.98,159.48,138.94,4,April,16,Friday,2,-12.88,8.11,-186.98000000000002,0.0453,76.9386,123.6343,113.0014
2025-04-18 00:07:01.989977,Campaign_5,5817,322,21,2281.91,2837.33,0.0554,8.81,135.11,108.66,4,April,16,Friday,2,-19.58,6.52,-555.4200000000001,0.0485,134.2829,128.07,32.3743
2025-04-19 00:07:01.989977,Campaign_1,3735,255,12,1520.88,1056.82,0.0683,4.14,87.34,125.69,4,April,16,Saturday,2,43.91,4.71,464.0600000000002,0.0507,82.6271,108.9357,69.0157
2025-04-19 00:07:01.989977,Campaign_2,10641,480,32,1812.43,1489.0,0.0452,3.1,45.58,55.48,4,April,16,Saturday,2,21.72,6.67,323.43000000000006,0.0404,88.1157,134.4614,213.14
2025-04-19 00:07:01.989977,Campaign_3,9682,372,46,4814.59,1609.61,0.0385,4.32,34.84,104.21,4,April,16,Saturday,2,199.12,12.37,3204.9800000000005,0.0489,68.6014,131.4957,156.8357
2025-04-19 00:07:01.989977,Campaign_4,12659,756,47,3223.63,1209.7,0.0598,1.6,25.63,68.31,4,April,16,Saturday,2,166.48,6.22,2013.93,0.0478,76.7114,122.42,110.75
2025-04-19 00:07:01.989977,Campaign_5,11847,468,46,7025.28,3772.93,0.0395,8.05,81.67,152.06,4,April,16,Saturday,2,86.2,9.83,3252.35,0.0461,138.3314,126.4614,15.2271
2025-04-20 00:07:01.989977,Campaign_1,3843,264,26,3143.66,364.1,0.0688,1.38,13.79,119.08,4,April,16,Sunday,2,763.41,9.85,2779.56,0.0565,73.6643,117.6771,181.5557
2025-04-20 00:07:01.989977,Campaign_2,2597,129,16,860.88,322.22,0.0497,2.5,19.02,50.82,4,April,16,Sunday,2,167.17,12.4,538.66,0.0379,88.5771,123.0286,132.9157
2025-04-20 00:07:01.989977,Campaign_3,7621,224,11,707.36,2120.6,0.0295,9.43,178.5,59.54,4,April,16,Sunday,2,-66.64,4.91,-1413.2399999999998,0.0429,90.7157,129.8957,118.9557
2025-04-20 00:07:01.989977,Campaign_4,8712,364,32,4571.57,776.52,0.0419,2.13,23.61,139.0,4,April,16,Sunday,2,488.73,8.79,3795.0499999999997,0.0475,74.87,126.2071,150.8257
2025-04-20 00:07:01.989977,Campaign_5,14234,1069,109,8760.49,3661.77,0.0751,3.43,33.49,80.12,4,April,16,Sunday,2,139.24,10.2,5098.719999999999,0.0514,128.05,122.9743,35.2443
2025-04-21 00:07:01.989977,Campaign_1,8595,446,27,1887.49,1353.0,0.0519,3.03,50.11,69.91,4,April,17,Monday,2,39.5,6.05,534.49,0.057,68.3543,112.0457,183.59
2025-04-21 00:07:01.989977,Campaign_2,3265,104,12,2365.39,449.26,0.032,4.3,37.13,195.49,4,April,17,Monday,2,426.51,11.54,1916.1299999999999,0.0371,80.4514,125.3814,180.9286
2025-04-21 00:07:01.989977,Campaign_3,9374,436,58,4502.46,3534.62,0.0466,8.09,60.11,76.57,4,April,17,Monday,2,27.38,13.3,967.8400000000001,0.0426,74.1743,128.5043,130.1443
2025-04-21 00:07:01.989977,Campaign_4,8109,621,72,9069.15,2815.09,0.0766,4.53,38.67,124.58,4,April,17,Monday,2,222.16,11.59,6254.0599999999995,0.0554,63.8743,132.3543,186.7743
2025-04-21 00:07:01.989977,Campaign_5,6606,474,60,4031.38,2762.91,0.0718,5.82,45.9,66.97,4,April,17,Monday,2,45.91,12.66,1268.4700000000003,0.0508,119.4057,113.95,38.6186
2025-04-22 00:07:01.989977,Campaign_1,4072,134,15,1636.19,1467.93,0.0329,10.95,97.86,109.08,4,April,17,Tuesday,2,11.46,11.19,168.26,0.0586,60.8371,111.98,189.1143
2025-04-22 00:07:01.989977,Campaign_2,10037,596,89,5099.35,4927.1,0.0594,8.26,55.3,57.23,4,April,17,Tuesday,2,3.5,14.93,172.25,0.041,83.9071,108.8114,116.1829
2025-04-22 00:07:01.989977,Campaign_3,10617,844,105,6713.23,2287.82,0.0796,2.71,21.66,63.57,4,April,17,Tuesday,2,193.43,12.44,4425.41,0.0503,71.7414,115.3043,114.4786
2025-04-22 00:07:01.989977,Campaign_4,10548,765,68,6824.89,3871.58,0.0726,5.06,56.19,99.05,4,April,17,Tuesday,2,76.28,8.89,2953.3100000000004,0.0577,61.1771,132.9571,193.9114
2025-04-22 00:07:01.989977,Campaign_5,6374,418,53,6135.95,2722.64,0.0657,6.5,51.18,115.34,4,April,17,Tuesday,2,125.37,12.68,3413.31,0.0512,119.2471,116.01,43.2457
2025-04-23 00:07:01.989977,Campaign_1,2367,89,10,992.57,833.38,0.0376,9.36,83.34,99.26,4,April,17,Wednesday,2,19.1,11.24,159.19000000000005,0.0535,67.4229,101.5043,139.9114
2025-04-23 00:07:01.989977,Campaign_2,6386,343,29,3928.57,2162.47,0.0537,6.3,72.81,132.27,4,April,17,Wednesday,2,81.67,8.45,1766.1000000000004,0.0456,52.14,111.1657,136.5314
2025-04-23 00:07:01.989977,Campaign_3,11912,504,36,2195.26,4066.65,0.0423,8.07,112.96,60.98,4,April,17,Wednesday,2,-46.02,7.14,-1871.3899999999999,0.0513,75.6957,98.1914,91.91
2025-04-23 00:07:01.989977,Campaign_4,10552,603,57,6118.56,4699.2,0.0572,7.79,82.15,106.97,4,April,17,Wednesday,2,30.2,9.45,1419.3600000000006,0.059,66.2029,122.4143,157.5343
2025-04-23 00:07:01.989977,Campaign_5,5408,382,53,9153.85,776.44,0.0707,2.03,14.59,172.06,4,April,17,Wednesday,2,1078.95,13.87,8377.41,0.0571,77.8743,119.4486,204.7171
2025-04-24 00:07:01.989977,Campaign_1,6252,274,29,3771.17,2145.45,0.0438,7.83,73.98,130.04,4,April,17,Thursday,2,75.78,10.58,1625.7200000000003,0.0486,72.0486,108.6629,137.5743
2025-04-24 00:07:01.989977,Campaign_2,7089,458,55,7050.18,3041.09,0.0647,6.63,55.29,128.19,4,April,17,Thursday,2,131.83,12.01,4009.09,0.0484,52.0657,104.3257,124.58
2025-04-24 00:07:01.989977,Campaign_3,6517,382,52,4568.38,3068.39,0.0587,8.02,58.11,86.52,4,April,17,Thursday,2,48.89,13.61,1499.9900000000002,0.0533,74.6829,89.9357,81.5614
2025-04-24 00:07:01.989977,Campaign_4,1482,59,2,319.49,300.42,0.0404,5.02,115.55,122.88,4,April,17,Thursday,2,6.35,3.39,19.069999999999993,0.0534,71.6114,114.2471,139.6171
2025-04-24 00:07:01.989977,Campaign_5,6454,488,50,6911.85,876.78,0.0757,1.79,17.4,137.14,4,April,17,Thursday,2,688.32,10.25,6035.070000000001,0.0648,54.1914,118.9071,306.3443
2025-04-25 00:07:01.989977,Campaign_1,7787,540,55,3766.59,3455.61,0.0693,6.4,62.83,68.48,4,April,17,Friday,2,9.0,10.19,310.98,0.0532,67.0357,103.0771,137.4514
2025-04-25 00:07:01.989977,Campaign_2,8857,275,20,3532.33,1541.96,0.031,5.61,73.78,169.01,4,April,17,Friday,2,129.08,7.27,1990.37,0.048,51.2729,112.6414,137.3543
2025-04-25 00:07:01.989977,Campaign_3,7256,564,55,9433.62,2322.71,0.0777,4.12,42.08,170.9,4,April,17,Friday,2,306.15,9.75,7110.910000000001,0.0533,72.6086,88.8986,94.6157
2025-04-25 00:07:01.989977,Campaign_4,8443,435,26,1310.08,2999.08,0.0516,6.89,115.35,50.39,4,April,17,Friday,2,-56.32,5.98,-1689.0,0.0572,65.3071,101.5971,133.4114
2025-04-25 00:07:01.989977,Campaign_5,3220,235,16,1374.35,1108.94,0.073,4.71,66.01,81.81,4,April,17,Friday,2,23.93,6.81,265.40999999999985,0.0674,44.32,115.0714,312.56
2025-04-26 00:07:01.989977,Campaign_1,8102,546,72,6798.87,1314.94,0.0674,2.41,18.11,93.65,4,April,17,Saturday,2,417.05,13.19,5483.93,0.0531,57.1457,98.5,190.7571
2025-04-26 00:07:01.989977,Campaign_2,3057,111,12,1954.44,938.97,0.0364,8.43,77.6,161.52,4,April,17,Saturday,2,108.15,10.81,1015.47,0.0467,55.8471,127.79,149.7014
2025-04-26 00:07:01.989977,Campaign_3,11520,282,30,3250.32,3212.58,0.0246,11.36,105.82,107.06,4,April,17,Saturday,2,1.17,10.64,37.74000000000024,0.0513,82.7486,89.3057,66.3371
2025-04-26 00:07:01.989977,Campaign_4,2311,158,14,1693.95,330.18,0.0685,2.08,23.09,118.46,4,April,17,Saturday,2,413.04,8.86,1363.77,0.0584,64.9443,108.7614,168.6343
2025-04-26 00:07:01.989977,Campaign_5,6471,362,36,4435.35,1039.62,0.056,2.87,28.13,120.0,4,April,17,Saturday,2,326.63,9.94,3395.7300000000005,0.0697,36.6714,110.4914,346.9071
2025-04-27 00:07:01.989977,Campaign_1,2520,133,12,2179.85,324.61,0.0529,2.43,26.83,180.15,4,April,17,Sunday,2,571.53,9.02,1855.2399999999998,0.0508,59.0086,107.2243,163.3457
2025-04-27 00:07:01.989977,Campaign_2,10269,619,70,12676.32,1295.32,0.0604,2.09,18.46,180.63,4,April,17,Sunday,2,878.62,11.31,11381.0,0.0482,55.7671,146.3343,251.3371
2025-04-27 00:07:01.989977,Campaign_3,9646,586,59,4920.7,1059.25,0.0608,1.81,17.83,82.84,4,April,17,Sunday,2,364.55,10.07,3861.45,0.0558,59.7957,92.6343,127.9357
2025-04-27 00:07:01.989977,Campaign_4,13795,415,31,2402.36,2781.99,0.0301,6.69,88.43,76.36,4,April,17,Sunday,2,-13.65,7.47,-379.62999999999965,0.0567,74.2043,99.8129,96.8657
2025-04-27 00:07:01.989977,Campaign_5,2867,127,15,2106.17,305.83,0.0444,2.4,19.86,136.76,4,April,17,Sunday,2,588.67,11.81,1800.3400000000001,0.0653,34.7243,118.5829,411.1114
2025-04-28 00:07:01.989977,Campaign_1,5255,275,37,5462.37,1645.78,0.0523,5.98,44.48,147.63,4,April,18,Monday,2,231.9,13.45,3816.59,0.0509,58.2043,118.3271,190.8314
2025-04-28 00:07:01.989977,Campaign_2,3770,178,12,700.0,947.94,0.0473,5.32,78.34,57.85,4,April,18,Monday,2,-26.16,6.74,-247.94000000000005,0.0504,61.6543,126.6714,186.67
2025-04-28 00:07:01.989977,Campaign_3,5848,373,36,2124.77,1900.38,0.0638,5.09,52.79,59.02,4,April,18,Monday,2,11.81,9.65,224.38999999999987,0.0582,58.75,90.1271,125.7114
2025-04-28 00:07:01.989977,Campaign_4,5686,182,18,1173.93,1592.98,0.032,8.75,87.53,64.5,4,April,18,Monday,2,-26.31,9.89,-419.04999999999995,0.0503,81.1843,91.23,61.37
2025-04-28 00:07:01.989977,Campaign_5,5716,232,26,4503.85,2691.59,0.0407,11.58,101.19,169.32,4,April,18,Monday,2,67.33,11.21,1812.2600000000002,0.0609,42.6229,133.2043,414.1714
2025-04-29 00:07:01.989977,Campaign_1,1236,33,4,212.02,488.06,0.0267,14.79,122.02,53.0,4,April,18,Tuesday,2,-56.56,12.12,-276.03999999999996,0.05,61.6557,110.3157,181.1143
2025-04-29 00:07:01.989977,Campaign_2,10510,363,41,2672.67,2131.73,0.0345,5.87,51.0,63.94,4,April,18,Tuesday,2,25.38,11.29,540.94,0.0469,61.04,127.63,189.7957
2025-04-29 00:07:01.989977,Campaign_3,7074,195,25,4216.07,2712.86,0.0277,13.87,107.65,167.3,4,April,18,Tuesday,2,55.41,12.82,1503.2099999999996,0.0508,71.0343,104.9457,105.9943
2025-04-29 00:07:01.989977,Campaign_4,6142,165,11,1184.64,1550.14,0.0269,9.39,132.49,101.25,4,April,18,Tuesday,2,-23.58,6.67,-365.5,0.0438,92.0843,91.5443,47.1043
2025-04-29 00:07:01.989977,Campaign_5,5343,406,42,4024.8,1382.94,0.076,3.41,32.93,95.83,4,April,18,Tuesday,2,191.03,10.34,2641.86,0.0624,40.0157,130.4171,423.5514
2025-04-30 00:07:01.989977,Campaign_1,8574,656,90,6683.82,3554.01,0.0765,5.42,39.49,74.26,4,April,18,Wednesday,2,88.06,13.72,3129.8099999999995,0.0556,55.3914,106.7443,190.9657
2025-04-30 00:07:01.989977,Campaign_2,5980,322,28,3579.95,1548.23,0.0539,4.8,54.13,125.17,4,April,18,Wednesday,2,131.23,8.7,2031.7199999999998,0.0469,58.3714,126.6157,196.8757
2025-04-30 00:07:01.989977,Campaign_3,11742,676,79,10285.88,4562.58,0.0576,6.74,57.61,129.87,4,April,18,Wednesday,2,125.44,11.69,5723.299999999999,0.053,63.1271,114.7871,130.4886
2025-04-30 00:07:01.989977,Campaign_4,5379,361,28,1777.14,1405.06,0.0672,3.89,49.13,62.14,4,April,18,Wednesday,2,26.48,7.76,372.08000000000015,0.0452,87.3671,85.14,46.5729
2025-04-30 00:07:01.989977,Campaign_5,10809,315,22,4336.6,3558.63,0.0291,11.3,158.87,193.6,4,April,18,Wednesday,2,21.86,6.98,777.9700000000003,0.0564,60.6271,133.4943,272.5386
2025-05-01 00:07:01.989977,Campaign_1,6656,362,35,3397.07,2280.0,0.0544,6.3,65.14,97.06,5,May,18,Thursday,2,48.99,9.67,1117.0700000000002,0.0571,54.1286,102.0329,187.1386
2025-05-01 00:07:01.989977,Campaign_2,6508,453,36,7002.98,2799.26,0.0696,6.18,77.11,192.92,5,May,18,Thursday,2,150.17,7.95,4203.719999999999,0.0476,61.4886,135.8629,199.4957
2025-05-01 00:07:01.989977,Campaign_3,8126,340,19,1034.34,1252.01,0.0419,3.67,65.21,53.87,5,May,18,Thursday,2,-17.39,5.59,-217.67000000000007,0.0506,64.1414,110.1229,121.02
2025-05-01 00:07:01.989977,Campaign_4,10842,573,83,9557.57,2436.48,0.0529,4.25,29.28,114.87,5,May,18,Thursday,2,292.27,14.49,7121.09,0.047,75.0429,83.9957,87.4186
2025-05-01 00:07:01.989977,Campaign_5,2583,186,14,2488.04,258.64,0.0721,1.39,18.47,177.72,5,May,18,Thursday,2,861.97,7.53,2229.4,0.0559,60.78,139.2914,297.3457
2025-05-02 00:07:01.989977,Campaign_1,5349,300,25,2699.23,1742.58,0.0561,5.81,69.7,107.97,5,May,18,Friday,2,54.9,8.33,956.6500000000001,0.0552,55.11,107.6743,193.6957
2025-05-02 00:07:01.989977,Campaign_2,8236,192,28,1677.88,3113.63,0.0234,16.17,108.87,58.67,5,May,18,Friday,2,-46.11,14.58,-1435.75,0.0465,66.5014,120.1,174.4686
2025-05-02 00:07:01.989977,Campaign_3,11577,530,34,2129.57,4782.46,0.0458,9.02,137.43,61.19,5,May,18,Friday,2,-55.47,6.42,-2652.89,0.046,77.7629,94.45,69.36
2025-05-02 00:07:01.989977,Campaign_4,9627,591,32,4108.43,4801.18,0.0614,8.12,147.73,126.41,5,May,18,Friday,2,-14.43,5.41,-692.75,0.0484,79.6686,94.8557,93.4029
2025-05-02 00:07:01.989977,Campaign_5,11099,376,26,2023.27,4021.12,0.0339,10.68,151.17,76.06,5,May,18,Friday,2,-49.68,6.91,-1997.85,0.0503,72.9457,138.47,286.83
2025-05-03 00:07:01.989977,Campaign_1,6620,288,16,2744.86,1544.28,0.0436,5.35,93.59,166.36,5,May,18,Saturday,2,77.74,5.56,1200.5800000000002,0.0518,65.8929,118.0614,145.2229
2025-05-03 00:07:01.989977,Campaign_2,4018,158,14,1613.64,571.76,0.0394,3.62,39.38,111.13,5,May,18,Saturday,2,182.22,8.86,1041.88,0.0469,61.0414,112.9014,185.05
2025-05-03 00:07:01.989977,Campaign_3,10281,651,31,3237.79,2506.46,0.0634,3.85,79.12,102.2,5,May,18,Saturday,2,29.18,4.76,731.3299999999999,0.0516,73.9486,93.7557,73.3614
2025-05-03 00:07:01.989977,Campaign_4,5137,331,34,4746.96,752.92,0.0646,2.27,21.94,138.31,5,May,18,Saturday,2,530.47,10.27,3994.04,0.0479,79.5043,97.6914,110.1786
2025-05-03 00:07:01.989977,Campaign_5,12358,829,89,6482.07,1296.02,0.0671,1.56,14.51,72.57,5,May,18,Saturday,2,400.15,10.74,5186.049999999999,0.0519,71.0,131.6943,297.3329
2025-05-04 00:07:01.989977,Campaign_1,2005,94,4,528.78,470.81,0.047,4.99,107.0,120.18,5,May,18,Sunday,2,12.31,4.26,57.96999999999997,0.0509,77.3457,109.4943,65.3343
2025-05-04 00:07:01.989977,Campaign_2,4428,151,8,531.92,1645.46,0.0343,10.84,194.27,62.8,5,May,18,Sunday,2,-67.67,5.3,-1113.54,0.0432,86.1571,96.0686,49.8657
2025-05-04 00:07:01.989977,Campaign_3,8235,506,46,4468.1,1769.16,0.0615,3.49,38.29,96.71,5,May,18,Sunday,2,152.55,9.09,2698.9400000000005,0.0517,76.8714,95.7371,43.0757
2025-05-04 00:07:01.989977,Campaign_4,7009,291,40,2546.97,822.75,0.0416,2.82,20.55,63.61,5,May,18,Sunday,2,209.57,13.75,1724.2199999999998,0.0495,69.8071,95.87,142.0671
2025-05-04 00:07:01.989977,Campaign_5,7040,262,29,3076.04,1184.44,0.0373,4.51,40.48,105.13,5,May,18,Sunday,2,159.7,11.07,1891.6,0.0509,73.9457,127.1757,236.0514
2025-05-05 00:07:01.989977,Campaign_1,8177,619,46,7690.08,3516.54,0.0757,5.68,76.45,167.18,5,May,19,Monday,2,118.68,7.43,4173.54,0.0543,81.9129,112.2871,49.16
2025-05-05 00:07:01.989977,Campaign_2,1952,143,15,2188.19,247.31,0.0732,1.73,16.06,142.09,5,May,19,Monday,2,784.8,10.49,1940.88,0.0469,77.26,108.1029,165.7171
2025-05-05 00:07:01.989977,Campaign_3,10008,289,34,4413.8,3723.89,0.0289,12.88,107.01,126.83,5,May,19,Monday,2,18.53,11.76,689.9100000000003,0.0467,84.6171,105.4243,44.0357
2025-05-05 00:07:01.989977,Campaign_4,7722,171,20,3096.19,3249.82,0.0222,18.94,156.24,148.86,5,May,19,Monday,2,-4.73,11.7,-153.6300000000001,0.0481,79.6229,107.9214,145.15
2025-05-05 00:07:01.989977,Campaign_5,12110,250,36,5846.8,2922.15,0.0207,11.66,80.28,160.63,5,May,19,Monday,2,100.09,14.4,2924.65,0.048,70.9586,125.9343,240.7314
2025-05-06 00:07:01.989977,Campaign_1,1365,108,15,2870.21,564.48,0.0791,5.23,37.63,191.35,5,May,19,Tuesday,2,408.47,13.89,2305.73,0.0618,69.8571,132.0514,115.5929
2025-05-06 00:07:01.989977,Campaign_2,10729,325,18,2787.15,4353.44,0.0303,13.37,232.8,149.05,5,May,19,Tuesday,2,-35.98,5.54,-1566.2899999999995,0.0463,103.2314,120.2614,156.9514
2025-05-06 00:07:01.989977,Campaign_3,7726,350,20,2594.85,3550.93,0.0453,10.13,174.07,127.2,5,May,19,Tuesday,2,-26.92,5.71,-956.0799999999999,0.0492,94.1057,99.6957,32.2743
2025-05-06 00:07:01.989977,Campaign_4,6290,210,29,4488.07,655.31,0.0335,3.11,21.92,150.1,5,May,19,Tuesday,2,584.88,13.81,3832.7599999999998,0.0491,63.8271,114.9,232.0729
2025-05-06 00:07:01.989977,Campaign_5,3957,224,28,4104.4,1235.31,0.0566,5.51,44.12,146.59,5,May,19,Tuesday,2,232.26,12.5,2869.0899999999997,0.0453,72.5571,133.1857,246.6214
2025-05-07 00:07:01.989977,Campaign_1,5285,389,31,2132.34,1531.25,0.0736,3.94,49.4,68.79,5,May,19,Wednesday,2,39.25,7.97,601.0900000000001,0.0614,71.2729,131.27,108.62
2025-05-07 00:07:01.989977,Campaign_2,1945,108,11,1784.32,826.44,0.056,7.59,75.13,162.21,5,May,19,Wednesday,2,115.9,10.19,957.8799999999999,0.0466,106.2314,125.5529,154.7614
2025-05-07 00:07:01.989977,Campaign_3,11656,262,15,2180.56,1608.69,0.0225,6.12,103.12,139.78,5,May,19,Wednesday,2,35.55,5.73,571.8699999999999,0.0442,100.6071,101.1114,19.4329
2025-05-07 00:07:01.989977,Campaign_4,7257,332,31,4428.56,3463.69,0.0459,10.41,111.02,141.94,5,May,19,Wednesday,2,27.86,9.34,964.8700000000003,0.046,72.6686,126.3,232.27
2025-05-07 00:07:01.989977,Campaign_5,4845,365,42,5225.1,509.18,0.0754,1.39,12.12,124.41,5,May,19,Wednesday,2,926.18,11.51,4715.92,0.0519,51.5929,123.3014,375.81
2025-05-08 00:07:01.989977,Campaign_1,6341,454,61,11458.18,1273.88,0.0716,2.81,20.88,187.84,5,May,19,Thursday,2,799.47,13.44,10184.3,0.0638,64.95,144.2386,215.8314
2025-05-08 00:07:01.989977,Campaign_2,8981,426,57,9110.45,3687.62,0.0475,8.64,64.47,159.27,5,May,19,Thursday,2,147.06,13.38,5422.830000000001,0.0434,104.4257,120.7457,154.3171
2025-05-08 00:07:01.989977,Campaign_3,11746,765,58,7698.89,4595.1,0.0652,6.0,78.15,130.93,5,May,19,Thursday,2,67.55,7.58,3103.79,0.0475,102.4557,112.12,31.5671
2025-05-08 00:07:01.989977,Campaign_4,7225,183,26,3204.74,1158.02,0.0254,6.32,44.54,123.26,5,May,19,Thursday,2,176.74,14.21,2046.7199999999998,0.0421,74.8486,127.4986,215.7657
2025-05-08 00:07:01.989977,Campaign_5,13512,604,75,12210.43,4658.89,0.0448,7.7,61.63,161.51,5,May,19,Thursday,2,162.09,12.42,7551.54,0.048,57.7586,120.9857,275.8271
2025-05-09 00:07:01.989977,Campaign_1,2653,143,17,3076.97,940.53,0.0539,6.58,55.33,181.0,5,May,19,Friday,2,227.15,11.89,2136.4399999999996,0.0635,62.8971,154.6714,240.4386
2025-05-09 00:07:01.989977,Campaign_2,9124,419,27,3676.92,3875.18,0.0459,9.25,140.92,133.71,5,May,19,Friday,2,-5.12,6.44,-198.25999999999976,0.0467,109.0043,131.4657,160.1729
2025-05-09 00:07:01.989977,Campaign_3,8394,532,79,5138.24,2187.46,0.0635,4.11,27.62,64.88,5,May,19,Friday,2,134.9,14.85,2950.7799999999997,0.05,86.7686,112.6471,58.7629
2025-05-09 00:07:01.989977,Campaign_4,11742,378,39,6238.47,4067.67,0.0322,10.75,104.3,159.96,5,May,19,Friday,2,53.37,10.32,2170.8,0.0379,68.6443,132.2914,225.4514
2025-05-09 00:07:01.989977,Campaign_5,4422,295,30,1564.16,1788.48,0.0668,6.05,58.07,50.78,5,May,19,Friday,2,-12.54,10.17,-224.31999999999994,0.0527,44.4586,117.3743,281.1329
2025-05-10 00:07:01.989977,Campaign_1,4899,303,19,3486.8,1009.22,0.062,3.32,50.97,176.1,5,May,19,Saturday,2,245.49,6.27,2477.58,0.0661,56.8086,156.0629,264.4029
2025-05-10 00:07:01.989977,Campaign_2,4796,299,37,4110.68,1202.5,0.0625,4.01,32.06,109.59,5,May,19,Saturday,2,241.84,12.37,2908.1800000000003,0.05,107.9586,131.2457,168.69
2025-05-10 00:07:01.989977,Campaign_3,2443,97,7,1139.84,925.5,0.0401,9.45,116.86,143.92,5,May,19,Saturday,2,23.16,7.22,214.33999999999992,0.0467,92.16,118.6071,57.9029
2025-05-10 00:07:01.989977,Campaign_4,1912,50,4,196.1,273.1,0.0266,5.37,63.66,45.71,5,May,19,Saturday,2,-28.19,8.0,-77.00000000000003,0.0325,74.6043,119.0629,145.6429
2025-05-10 00:07:01.989977,Campaign_5,11576,341,27,2780.8,4338.48,0.0295,12.71,156.51,100.32,5,May,19,Saturday,2,-35.9,7.92,-1557.6799999999994,0.0473,64.7443,121.3386,218.84
2025-05-11 00:07:01.989977,Campaign_1,5150,288,15,1917.97,1393.16,0.056,4.83,90.46,124.54,5,May,19,Sunday,2,37.67,5.21,524.81,0.0674,54.4457,156.6857,268.0257
2025-05-11 00:07:01.989977,Campaign_2,6545,351,38,6010.34,1134.23,0.0537,3.23,29.29,155.23,5,May,19,Sunday,2,429.9,10.83,4876.110000000001,0.0527,84.39,144.45,239.7714
2025-05-11 00:07:01.989977,Campaign_3,6321,149,7,720.98,2180.73,0.0236,14.63,275.35,91.03,5,May,19,Sunday,2,-66.94,4.7,-1459.75,0.0413,126.0257,117.7957,26.5471
2025-05-11 00:07:01.989977,Campaign_4,9505,296,37,4327.9,1975.35,0.0311,6.67,53.13,116.4,5,May,19,Sunday,2,119.1,12.5,2352.5499999999997,0.031,79.2586,126.6043,132.7186
2025-05-11 00:07:01.989977,Campaign_5,10867,412,35,2037.94,1704.86,0.0379,4.14,48.13,57.54,5,May,19,Sunday,2,19.54,8.5,333.08000000000015,0.0474,65.8371,114.54,198.8171
2025-05-12 00:07:01.989977,Campaign_1,3810,259,32,5121.36,837.35,0.068,3.23,26.17,160.04,5,May,20,Monday,2,511.62,12.36,4284.009999999999,0.0663,47.2629,155.6657,324.16
2025-05-12 00:07:01.989977,Campaign_2,2511,124,7,1177.23,1246.74,0.0495,10.03,161.91,152.89,5,May,20,Monday,2,-5.58,5.65,-69.50999999999999,0.0493,105.2257,145.9929,126.86
2025-05-12 00:07:01.989977,Campaign_3,3805,163,16,2321.18,661.31,0.0429,4.05,39.36,138.17,5,May,20,Monday,2,251.0,9.82,1659.87,0.0433,116.3614,119.4157,59.7571
2025-05-12 00:07:01.989977,Campaign_4,12127,484,24,1324.63,5247.4,0.04,10.82,212.45,53.63,5,May,20,Monday,2,-74.76,4.96,-3922.7699999999995,0.0335,87.2886,113.0,122.7143
2025-05-12 00:07:01.989977,Campaign_5,5259,267,21,4013.14,1071.52,0.0508,4.01,51.02,191.1,5,May,20,Monday,2,274.53,7.87,2941.62,0.0517,61.6571,118.8929,223.7371
2025-05-13 00:07:01.989977,Campaign_1,6017,435,58,4519.08,2533.5,0.0723,5.82,43.68,77.92,5,May,20,Tuesday,2,78.37,13.33,1985.58,0.0653,48.1271,139.4614,277.0029
2025-05-13 00:07:01.989977,Campaign_2,10884,532,33,2048.98,4257.75,0.0489,8.0,129.02,62.09,5,May,20,Tuesday,2,-51.88,6.2,-2208.77,0.052,90.4,133.57,124.5886
2025-05-13 00:07:01.989977,Campaign_3,7326,546,69,3553.38,900.45,0.0745,1.65,12.94,51.05,5,May,20,Tuesday,2,294.62,12.64,2652.9300000000003,0.0475,93.3429,108.5371,105.6914
2025-05-13 00:07:01.989977,Campaign_4,2190,123,7,1269.11,794.67,0.0564,6.43,101.88,162.71,5,May,20,Tuesday,2,59.7,5.69,474.43999999999994,0.0368,98.7114,114.8014,47.6886
2025-05-13 00:07:01.989977,Campaign_5,11015,264,14,1292.59,2254.62,0.024,8.52,161.04,92.33,5,May,20,Tuesday,2,-42.67,5.3,-962.03,0.047,78.36,111.1414,184.4614
2025-05-14 00:07:01.989977,Campaign_1,1162,42,5,981.13,288.74,0.0361,6.87,57.75,196.23,5,May,20,Wednesday,2,239.8,11.9,692.39,0.06,49.32,157.6671,305.6529
2025-05-14 00:07:01.989977,Campaign_2,3315,155,19,1184.14,978.14,0.0468,6.31,49.4,59.8,5,May,20,Wednesday,2,21.06,12.26,206.0000000000001,0.0507,86.7243,118.94,111.04
2025-05-14 00:07:01.989977,Campaign_3,4371,249,26,2689.84,988.31,0.0571,3.96,37.44,101.89,5,May,20,Wednesday,2,172.17,10.44,1701.5300000000002,0.0524,83.96,103.1243,125.2086
2025-05-14 00:07:01.989977,Campaign_4,2172,128,18,2439.26,1031.25,0.0592,8.01,56.66,134.03,5,May,20,Wednesday,2,136.53,14.06,1408.0100000000002,0.0387,90.9457,113.6714,63.2129
2025-05-14 00:07:01.989977,Campaign_5,3428,237,29,4223.72,1021.01,0.0694,4.29,34.73,143.66,5,May,20,Wednesday,2,313.68,12.24,3202.71,0.0462,81.59,113.8914,96.9614
2025-05-15 00:07:01.989977,Campaign_1,7164,253,29,2311.72,2336.41,0.0353,9.23,80.57,79.71,5,May,20,Thursday,2,-1.06,11.46,-24.690000000000055,0.0548,57.8471,142.22,191.2914
2025-05-15 00:07:01.989977,Campaign_2,3231,124,17,3433.82,559.77,0.0385,4.5,31.8,195.1,5,May,20,Thursday,2,513.43,13.71,2874.05,0.0494,82.0571,124.0586,163.3786
2025-05-15 00:07:01.989977,Campaign_3,8764,254,18,1577.61,3858.67,0.029,15.17,214.37,87.64,5,May,20,Thursday,2,-59.12,7.09,-2281.0600000000004,0.0472,103.42,96.94,107.1129
2025-05-15 00:07:01.989977,Campaign_4,5280,278,40,3389.69,1381.36,0.0527,4.97,34.28,84.11,5,May,20,Thursday,2,145.39,14.39,2008.3300000000002,0.0426,89.48,108.0786,58.7343
2025-05-15 00:07:01.989977,Campaign_5,4326,103,11,1473.14,574.02,0.0239,5.54,51.25,131.53,5,May,20,Thursday,2,156.64,10.68,899.1200000000001,0.0432,80.1071,109.6086,96.1829
2025-05-16 00:07:01.989977,Campaign_1,4648,212,13,1945.17,866.56,0.0456,4.09,66.66,149.63,5,May,20,Friday,2,124.47,6.13,1078.6100000000001,0.0536,59.4657,137.7386,176.6229
2025-05-16 00:07:01.989977,Campaign_2,8783,419,37,5521.96,2794.67,0.0477,6.67,74.72,147.65,5,May,20,Friday,2,97.59,8.83,2727.29,0.0497,72.6,126.05,178.0514
2025-05-16 00:07:01.989977,Campaign_3,11442,768,46,4838.93,5620.59,0.0671,7.32,120.1,103.4,5,May,20,Friday,2,-13.91,5.99,-781.6599999999999,0.0478,116.6314,102.4429,85.8543
2025-05-16 00:07:01.989977,Campaign_4,3710,184,14,2585.73,1179.62,0.0498,6.39,82.49,180.82,5,May,20,Friday,2,119.2,7.61,1406.1100000000001,0.0451,86.3643,111.0586,68.1386
2025-05-16 00:07:01.989977,Campaign_5,9483,305,42,7641.37,4250.85,0.0322,13.93,101.21,181.94,5,May,20,Friday,2,79.76,13.77,3390.5199999999995,0.0382,86.27,128.3457,109.3686
2025-05-17 00:07:01.989977,Campaign_1,10257,462,64,9782.31,947.69,0.0451,2.05,14.6,150.73,5,May,20,Saturday,2,932.23,13.85,8834.619999999999,0.0512,54.27,134.1143,274.7286
2025-05-17 00:07:01.989977,Campaign_2,9080,416,55,6618.75,2263.45,0.0458,5.44,40.67,118.91,5,May,20,Saturday,2,192.42,13.22,4355.3,0.0473,73.83,127.3814,170.9914
2025-05-17 00:07:01.989977,Campaign_3,8451,342,30,3025.16,967.42,0.0405,2.83,31.87,99.64,5,May,20,Saturday,2,212.7,8.77,2057.74,0.0478,104.49,96.1171,112.9314
2025-05-17 00:07:01.989977,Campaign_4,12249,913,61,7183.12,2193.16,0.0746,2.4,35.67,116.82,5,May,20,Saturday,2,227.52,6.68,4989.96,0.052,82.3657,121.2171,104.6686
2025-05-17 00:07:01.989977,Campaign_5,2478,154,10,949.15,737.35,0.0624,4.77,68.4,88.05,5,May,20,Saturday,2,28.72,6.49,211.79999999999995,0.0429,73.6829,126.5929,118.6
2025-05-18 00:07:01.989977,Campaign_1,10893,780,77,5158.53,3434.75,0.0717,4.4,44.61,66.99,5,May,20,Sunday,2,50.19,9.87,1723.7799999999997,0.0534,47.72,125.8929,276.5171
2025-05-18 00:07:01.989977,Campaign_2,5045,274,21,3654.64,704.38,0.0544,2.57,32.34,167.8,5,May,20,Sunday,2,418.84,7.66,2950.2599999999998,0.0474,74.2657,129.1771,169.4114
2025-05-18 00:07:01.989977,Campaign_3,10985,298,19,1397.41,4189.2,0.0271,14.05,211.58,70.58,5,May,20,Sunday,2,-66.64,6.38,-2791.79,0.0483,95.38,93.1957,112.9743
2025-05-18 00:07:01.989977,Campaign_4,2631,73,5,739.93,292.53,0.0278,3.99,51.14,129.36,5,May,20,Sunday,2,152.94,6.85,447.4,0.0515,82.0814,123.0686,109.5029
2025-05-18 00:07:01.989977,Campaign_5,6032,156,18,1645.56,2490.41,0.0259,15.95,134.76,89.05,5,May,20,Sunday,2,-33.92,11.54,-844.8499999999999,0.0412,86.0586,131.0943,110.9629
2025-05-19 00:07:01.989977,Campaign_1,6108,366,41,3070.62,2765.53,0.0599,7.56,67.45,74.89,5,May,21,Monday,2,11.03,11.2,305.0899999999997,0.0523,53.6171,113.7286,205.0043
2025-05-19 00:07:01.989977,Campaign_2,10381,288,34,2180.85,1160.12,0.0278,4.03,34.02,63.95,5,May,21,Monday,2,87.98,11.81,1020.73,0.0443,55.9957,116.4714,182.7771
2025-05-19 00:07:01.989977,Campaign_3,10599,261,31,2437.09,4698.49,0.0247,17.96,150.59,78.11,5,May,21,Monday,2,-48.13,11.88,-2261.3999999999996,0.0457,111.27,84.6157,70.2414
2025-05-19 00:07:01.989977,Campaign_4,2138,133,10,1255.02,916.68,0.0626,6.85,88.14,120.68,5,May,21,Monday,2,36.91,7.52,338.34000000000003,0.0547,64.3229,132.6471,125.4557
2025-05-19 00:07:01.989977,Campaign_5,4905,203,19,3415.05,1148.32,0.0414,5.66,58.59,174.24,5,May,21,Monday,2,197.4,9.36,2266.7300000000005,0.0399,87.14,128.6857,99.9443
2025-05-20 00:07:01.989977,Campaign_1,5079,318,42,2734.02,995.23,0.0626,3.13,23.7,65.1,5,May,21,Tuesday,2,174.71,13.21,1738.79,0.0509,50.7629,111.8971,218.7671
2025-05-20 00:07:01.989977,Campaign_2,2986,221,26,2077.39,1031.87,0.074,4.67,39.09,78.69,5,May,21,Tuesday,2,101.32,11.76,1045.52,0.0479,43.1486,118.8429,204.6629
2025-05-20 00:07:01.989977,Campaign_3,3991,228,19,3383.37,1151.52,0.0571,5.05,59.98,176.22,5,May,21,Tuesday,2,193.82,8.33,2231.85,0.0432,117.99,102.4971,55.8414
2025-05-20 00:07:01.989977,Campaign_4,11635,409,20,3346.6,1658.42,0.0352,4.05,79.73,160.89,5,May,21,Tuesday,2,101.79,4.89,1688.1799999999998,0.0517,61.1586,132.3871,131.4686
2025-05-20 00:07:01.989977,Campaign_5,7809,477,26,2027.78,3453.97,0.0611,7.23,129.85,76.23,5,May,21,Tuesday,2,-41.29,5.45,-1426.1899999999998,0.0452,82.6843,126.3857,100.1414
2025-05-21 00:07:01.989977,Campaign_1,7144,501,39,5710.86,2698.0,0.0701,5.39,69.18,146.43,5,May,21,Wednesday,2,111.67,7.78,3012.8599999999997,0.0558,52.3957,104.7829,200.4629
2025-05-21 00:07:01.989977,Campaign_2,7744,254,20,1259.76,3138.35,0.0328,12.35,150.16,60.28,5,May,21,Wednesday,2,-59.86,7.87,-1878.59,0.0459,57.5429,118.9114,193.1029
2025-05-21 00:07:01.989977,Campaign_3,2337,138,19,3469.07,950.06,0.059,6.88,49.48,180.68,5,May,21,Wednesday,2,265.14,13.77,2519.01,0.0435,119.71,113.7529,69.1229
2025-05-21 00:07:01.989977,Campaign_4,3623,215,15,2902.84,1334.36,0.0596,6.18,85.54,186.08,5,May,21,Wednesday,2,117.55,6.98,1568.4800000000002,0.0518,65.2843,139.8229,128.7571
2025-05-21 00:07:01.989977,Campaign_5,4835,145,12,1347.26,922.11,0.0301,6.33,73.18,106.93,5,May,21,Wednesday,2,46.11,8.28,425.15,0.0396,88.1771,121.1386,61.9171
2025-05-22 00:07:01.989977,Campaign_1,5596,295,25,4913.0,807.44,0.0527,2.74,32.3,196.52,5,May,21,Thursday,2,508.47,8.47,4105.5599999999995,0.0582,45.5,121.47,273.2529
2025-05-22 00:07:01.989977,Campaign_2,10765,226,19,1070.71,5237.48,0.021,23.11,264.52,54.08,5,May,21,Thursday,2,-79.56,8.41,-4166.7699999999995,0.0434,90.7886,98.7657,108.39
2025-05-22 00:07:01.989977,Campaign_3,6908,493,38,7166.04,2774.31,0.0714,5.63,72.25,186.62,5,May,21,Thursday,2,158.3,7.71,4391.73,0.0496,99.4071,127.8929,100.1829
2025-05-22 00:07:01.989977,Campaign_4,11544,811,119,17126.92,3736.49,0.0703,4.61,31.24,143.2,5,May,21,Thursday,2,358.37,14.67,13390.429999999998,0.0543,64.85,148.2643,159.1829
2025-05-22 00:07:01.989977,Campaign_5,3543,205,18,1506.35,524.77,0.0581,2.55,28.83,82.77,5,May,21,Thursday,2,187.05,8.78,981.5799999999999,0.0445,84.9743,114.1729,66.2614
